YP_338391.1,MLAGIYLKVKGKTQGEIKGSVVQEGHDGKIHILAFKNDYDMPARLQEGLTPAAAARGTITLTKEMDRSSPQFLQALGKREMMEEFEITIHRPKTDTTGGDLTELLFTYKFEKVLITHMDQYSPTPHKDDSNGIKEGLLGYIEEIKFAYSGYSLEHAESGIAGAANWTNG
AAG06090.1,MSYDYEKTSLTLYRAVFKANYDGDVGRYLHPDKELAEAAEVAPLLHPTFDSPNTPGVPARAPDIVAGRDGLYAPDTGGTSVFDRAGVLRRADGDFVIPDGTDIPPDLKVKQDSYNKRLQATHYTIMPAKPMYREVLMGQLDNFVRNAIRRQWEKARGL
AAP76840.1,MAQPAYIKIEGVTQGLISSGASTQESIGNRYQAGHEDEIMAQEISHIVTVPTDTQSGQPSGQRVHRPFIFTCSLNKAVPLLYNALTKGERLNNVEVHWFRTSIGGGAEHYFTTKLEDAIITDIDLIMPNAQDTSNNNKTELFRVSLNYRKIIWEHVVAGTSGSDDWRNA
AAT50048.1,MAVDMFIKIGDVKGESKDKTHAEEIDVLAWSWGMSQSGSMHMGGGGGAGKVNVQDLSFTKYIDKSTPNLMMACSSGKHYPQAKLTIRKAGGENQVEYLIITLKEVLVSSVSTGGSGGEDRLTENVTLNFAQVQVDYQPQKADGAKDGGPVKYGWNIRQNVQAG
AAP76839.1,MSAFLSLDINSITFTITKAHIRESLQSPFHITCNGFIESFYADIFSATFASLGKTNSPSHTIQSHTQDTDFASSAPPYSFALDQPFNLQLLQDNFALLYISNPYGNTNYHSALSISLGNTSTPIKSYKGIITHIEYLGSKSNVSLDTNNTINTITDITNTSQQKTLSSLDIPTPKSINHRHFFTFTLTSPLIRLSLNKANRIYTDKTPLDILKDILTAYTPQLCKQIDFSSLSQIDNPLEIITQYEESDLDFITRLAHNNGIYFYEDNDTLYVCHHTPYTPIPLTKVPFNPNVKTHNNLNEPCIFALTHSHHIHTKQFNFFSNDANNPQINTYMYSKYIDKQSPDIATHSTSNDTSLAQEDMNNPYNYTASMQSVFIPNVSFTYQANIKSLCSNQAQHTANTQALMNAQSNIYTLCLAQRLYIESKNKSLLGNNIQDNKTQEFINEYTIIALEQTLINESILADTLPSHQQANDSNISRFKDTYSNLITLLPSNLSYMPTPKPKPNPPSLMQGIVVGEEYIKAKNIKEANASIIKQSNTLYTDNFGRVKVRLHAFMAQALLTDNDIHTTPNTNNTKHSNNTHLEDDLYTLNTHTAFLRVASPIASASSGFYHTPRVGDEVLISYLNNDIDMPIIIGSLYNPSNPALPPLPLNAHQTSLSARTLNNSSALQAENTNSHHNLIESGFNEITLSNLKEQEHIYLQAQRDYEELIKHNFLQTIHNNKESQVEGTYNERIKKIHTQTIDLAKIVSIGGEYNTNVALSKDTIVGLSHTLNVGVDNKVRIAKKSSEYVGEDKEVEIGGNLNTSIKQDESRNVGGNKREVVEGDSDISIEKKFNIQTQGEIAIHSNENIHLSSPQSLSLESDRAAVMVADNITMIADSNYLLNANNEATIQVSDTSIVAKSDSIVIKAGGVEVVIDSKGLVVKGGEVKAE
AAY59304.1,MATARNREPLGARCGAAAAPSSGGRVIESSSHRVIESSSHRVIESSSHRVIESSICRIHLRSLSIDVHLLSRNDESRFESRFGSSRSSQRAAFDTKRRRLRRTVFDSCSRRRRCAAADSHGTPFRYAAISSTRTAPLAPQFTRGLPRRRAPLGIRRFSGRKERRPNAHRANRAVRESALAEARPRMNARRPAFGLIASHASRRRAVESVRAHFPFMFTLCLAMKHTSNHSDPSGAPSSARRAASDSSRLVRGMRSPQRGGAALALAVASLAGCGGGDSGEPAPREFAPPTVQLAYPTQPNSPVAPAPTAHVSSGHTPPATAPAAMPTASPTATPTASPTATAAASPSAPSTATPNAPPAAPPAVVATRVPPTHAALRRPTIELEFDRAIEPGSVPHIVLRADDGTSVAVGPLSWLSDRRIAFAPRKPLKSNSRYEIMVPAGIRSTTGERSAHPLTSSFDTAPVTPPRGLPNLDGASCFINTALQLAVHSSALDDILSNEAVPPAVRTLLEDYDAASADALDAQLAAAVAALRATPEVPDSGPGQTLEVMQALRMPLYDTSSANNATNNADAIRHAPPNTKAFFLNSYPPLSYADLPNHDRLVAFDYSTGGHYVAYVKRDGIWYRIDDAQVSAVNEQDLLALPAFNPANGSVSIEIAIYR
NP_232421.1,MSNPNQAAKTGQTNDAQNPASACPFKQPLIGIIPVRYAFDVYDDQGQALHPLPKADRQWKGQFSIKQRSYTLRQLRDGWLYVYDETAKTLHEYEVVGCKLTKIDWSDDEANKPTHERGSKGESKSCLLYPAQHTLSIGYAHQRWTWRVCEHMRSNTSSRHAVMRKVSLKQFESNGTHPHAHFAQYLEDYVADIGTPAEQDIFKDTCTPSLPVEKSEEAVKGTEFKFVADKAVVSSSDYLQDLPEQNCGLFVALNDPLADVSDLFVTFTTQVAKRTKAIGDETQQHKMQMAELTRTLGRIRLEEKEIPDFVKQDPIRILELERAITEYCATAKLAEIESHHLASEGHSPSGNYALMQQQAEQKLAELKTLYRFEPTSAQMRKWRKKDNSFIDEVRWADLDNFLVEHYTELKGLDEQIKQHYAQFMSAFNQLGLDPLLFGMDNQDEVQQAYLLALTSQFLVVVTQVNHDEKSLEILKKDLSFDSPKNLMALASTGFSLQANQAINNHIQGFSTAFLSTSNPSDMVAFATAIANWDTFTGDERIQEKAWFKRWIEPAQSSFGALQKAVANQAKESWQAVMELLFPYQNQPKGGTPSLLANLRLLLVESLVREEAVLQHNPKYAAELKQFETKLNAILQEMNDALELKPGNVSPKNHQIATAQSAQRKLGQLLSSELPMMLTLKNQAAMNTFQQSVNEKLSALSKNVKTSSASVSQKLGGLGGLLFALNLWNTMTVLENIRYKVAQYPSWNPFKNPALGEAIYATGNTIVVAGAISAGRAWVTIAEQGLLDRTLKNALNTTKVLGTKDALKTFAKSIALVATVGMIASALETWESWGKFNDSSKTDLERFGYLLKAGATGAQGIIFYIQFFTLLGSGIGGPSIAAISAGWMLAGFAVIGIVYLIGVILTNVFKRSELEIWLSKSTWGKESAHWPVGKELTELEHLLHRPSLRLSQVTQRKAAQWMDSGSLQWQLELTLPDYLKGQTIGLQITRLPAQPAYYQPQREAVTPILINEQQGKWSIEDNQPVYRITLGGSEKDTVGVCVALPLRWGKELSLKFYASGTRAGELDLQSAEANDIATRNLVVGKG
NP_232519.1,MPEIGDQNPMRITVLVVSLILGCAGSAHVLAASQDAGSQVEQAELCREIPARLERLACFDRVFATPLEQVAIAPSNPYPAEWQRAMAALSESQSEAGWVLGTQGEGRGSSAWIALPAQNRSSGETSPPVLLLSCINNLSRIELALPKEVADARIQVSIRHETQFWRSDDHGVLFSSARGMPAIEMMKLAASESRLLLRSNAPFADGLQFDTRGVNEALDALRERCGW
ACR24239.1,MSILNSELDWSHVGSISTGPGTVVSDAFNISYGLPTKELLPAGTALYKFNGFSSLARPPITGDTPLSPWWSPVQPFRHDGGLQQRMLVAKLNGVSMREWGRLTSVIKENWSSLDHLLEIVLKVPVYAWFGGFKGMSRIDNGMPSKRNITLEQKGRGSNLPGGATQFYIPNLTVGHISSHNFSALK
ABC38716.1,MPYVSTHYSNNAGAPVGRWTCAPTSKLAPFDKAPTGSVTSGVDLCGQCVSYVKRVCPTLPLTGQWRKGAPVKGNATIVAGTVIATFNAAGKYDGHAAIYVSQTKDGGILVYDQFVTPPTPQPVQQRRLRWGAHGRSNNGDNFYVVE
ABC34634.1,MTNLNDTLRNFASGAVDWNKRPVALHFGAAQGALGHLLALQHASVQEGLMTGIGGRLTCVSTRRDIPPGVFLGMPVSIRLITDRGQPHMVNAIISDVQIGQSDGELCVYQLTVCDALSLMDKRTNSRVFRKRSVIDVLATLFNEWQQRSPALARAFEFDLSGLRADRYPPRELTRQVNESDAHFVRRLLRREGITVFAKAGPAKGEQPLQGDATVHTLVCCDEPMSLPQAPAGTVRLHPRDAGTEQRDTVTLFALRRQLVPGKAGRPSWDYKKARIDESSVASSLDQGEAGNDLAKLLTDIAIDIPHAGDSWSDHERLTRARMLAHEFEAERYDGVSSVRDLAVGAWITLTGDPDWDRQLADKRQFVITSIDHDIWNNLPKGLNDRVHALFAASRNLVNAPGALPAALANDADTRYENTFTCVRRGVPLAPAYDPQADLPPVHLLTGTIVGAEGEEVFCDENGRVRVRVHGLDPADHAHAQGAGTNDNAGDSAPIRVASSLAGAHFGASFLPRVGMEVLLGCLGGDPDRLVIIGVLGNGANPPATFSHAGGLPGNRYLSGIKTKEIKGQRYNQLRLDDTPNQISAQLASEHAHSQLNLGYLTQPRENGHGNDRGEGAELRTDAAAALRAAQGILLTTYARTQASGGQLDRDELIRLLGECSELFKALGDYAGQHGGQAADTAGQHAVAAAFRNWTPGAGGADAPPDGGDRALMAFGAQAGSVNVTPKTHVTYAGENIDQVAQQHLQLMSGQRLNATAGQGMQLFARGAGVQAVAGEGPMLLQAQADTLTANAQKGVKITTNEHEVFVSAPRIRLVAEDGSYLEIGNGITLGTNGDIKLLSASHQWGGPSTAQAAKTAFDNQPTDQRFKLHYPGEDGDLPAAANKPFRITLNDGRVIEGKTDASGLTDLVKDDAMRIAKIDYLKPKL
ABC38017.1,MDLVAALTGYSQTTRHIRIDTAMPGAFVVERFHGREGVNESFRFEIDVLSSEPFLDLTPLIGHAARLRLATGAGERSWNGYVTHAAYADSDGEITRYRITMESWLALLRLRRNCLYFVDVDTKDICERVFGDYPEARRRYELTEPLRNFSLRGQYRETDDAFVLRQLAEAGLSFRIEHAQDAGKEASGDHTVAVFDRRAEFPRGSTIAYNLQDVGDPDGVITQFSERHQMVPDRVVATSWKADELLALAGHAQQQPDDKAPVLPVREIYDGQRAGRFDTIDDAQRFAEQRLDALRLPKRVHYGAGSSRTLEIGKVHTLAGYLDGAITFVPLSIEHEAVNNLGADIGALLGRGELDKGLYRNRFVAVPEGTPIVPLHRDRPIVHGVQTAIVVGEPGSRVSSTRDHQVRVQFPWMRGAAPLPGGLTDTASRSNPAGHAPGDHRSGVLVRVAESSAGPNFGHAFTPRVGAEVVIGFESGNIDMPVVLGQVYGGRVQPPFAAGEGSDANHPGTLTGLQTQTLDGQSGSRWVMDDAAGQLRHELSNSTANSRLAQGYLIDQQGSTRGAYRGEGFELATQGWGVVRAGEGVLVSSTARRLATSTQMDVAESVGQLKQAVRTAQGMSESAAAAHAGGLAANAAQADFLKAIDPAQDGKYTGAVNGQSATKSSGAQRDGGEPVERFAAPAVLMESPENIVLTTPHSAVSYAAQHVHLTAQRDAHVAAAATVAAASGDAVSLYAAAGGLRAIASDGPVSVEAHTSAMEILADQSVRITSTDDRIDVLAKDAIVLQQGPNRITLKGGDITVETPGQFLVKSGAHPFPGPAAQSVSLPPLPVPAPLALFDEQIRFVNENGEPLGNVAYKLKLADGSTVSGVTDDNGRTERVSTDGPTAIQSATLTPTQVVDCCGRTSDVPPPAVKVDIKGIGTNDTLVGSSEKSVTVKGESRPLTEGEIEMAKTVFQDSIDYSAVRVHKGSYFWFNLQSKHTAVTPNNTMYFREEDFVEDFSIVSEEYPRRGWFMHEMTHVWQHQRGYAVRWHALTVTIRGESAYRYEIEPGQVFSDFNMEQQGNLVSDYFALIVVDNRAELIHAQPGSKNQLRQVLAPLLQDPKDASNLPK
ABC36370.1,MSIPTDVLQALFGGWSQHDRFLWITTPLGANALVAESLHGWEALDQGGFRFQLTALAENPSLPLAQLIGAPILIEWQAQEGRDARRPFHGHVIAAELVGYNGGLARVRLVVEPWLTLLRQRVDSYNYLNASVVEISEQVFRRYARGAIAPAWRWALADAAKYPKRSLTAQAGESDFDFLERLWAEEGIFYWFEHEGDARASSLGKHTLVLADSNQRFAPDEPELVGFHQTSDDDPQGCIQHFMHARRWRIGSVARASWDHRSLSTRPTGARANGAVAPGEDRDVAGPYAYQTGAIGDRRAQQQLDAQRVAALQSEGRGTRRDLRPGLRFAIAHHPTLGASDAFICLRVEHSARANVDATVRSAIEQRLGAIASIADAAPAPYGPASALNAALGADTHHGGSLMQDDAVYRNRFVALPAEQAYRPLAASGHGARMHPVAVMPGAQTAIAVGAGDPVHTDRDHRIRIQHHAQRGRNAASREDHPHAANAPADRGAGTWTRMLTPVGGDNWGGVSVPRVGQEVWTEWLEGQPDRPVAVAALYNGRGNADAQHNAQAGGPSGSTGNAAAWFAGNTHAAVLTGFKTQDMSMSQQGTGGYRQFMLDDTAGQSSARLYTTDRNSGLTLGHMKQTQDNQRQADRGYGAELATDGAGALRGGAGLLISTAPGVSQMDASAPSQVLAQHRQTLQSLAELAQKQGAEPGGAVPEAASGAGATSTGAAAGKPLPAVDGIEQSREAIGATREGGGGDTAGGGSGSAVAWSKPHLVAHGEAGLAAMSAKSHVWVSGTETVLSAGQDVQLTAKGKTSVVANHGVSLYTQGAAGDGRPVAGQGIALHAASGSVSVQAQNAGKLSASAQKAVTLASAQGSASVQAQQRVLLSAAKAYLKMEGNDIVVGAPGRADFKAAAHQLTGPKSAGAQNALGKGASKDCPQTMGDMISSSAAFADL
ABC36714.1,MSVVTQFTSLFSAANCLYSLDGAGEIASLQIERWVGRETLSDNFQWDVYALATDPGLDLDAMLGQRVTIRTALADGTSAVRSGLVAQAECIGYDAGLARYYLQLVPWLAALAHGRDERTFVRQGIADVLGAVFAPYGAIARWRFTADANQRIAELGARDYRVQYRTHTHVDFVRHVLAEAGLGFCFVEDAEAPAGHAMLIFDDSAQLPEDDTSARMGGVPQRLSGTATEPDDAIVGIGQSLSLTADRVTLISSDYRGNQSTTATASLGSPAGSRELYDDVGPEAFDSLREADDAARRHADAIISAARFWTGYSTLRTARVGRALRIAGATWRMPRGGAQAPDAFVLTRVDQIGVNNLPATVMERIERGLGPLPLVNLDARVLAQAKAGGYANRFDAVPRDQAWRPTLEDGTGQRLNPVPTALGAQTAIVVGPQGESRPGSTGPVHTDAQGRLRLRYHWQADGDTGTYPTRAMQRLASQGHGLQQTQRIGHEVLVQFVNGLVHRPIVLGGLFNGRGEGGEAPTPGGEAGQPLDESIYTQAADHVASAQGNLAGGHSPAWHGAGGGAKRHNHAGALSGFKSQGFDGQGYNQLVADDTDRMGRMQMATTHAATQLNIGHLRHQADNYLGSFRGQGVELRSDAYGALRGARGVLISSYAPTGPSQPAGDASALQSLLAQQATLAKLLDKSADTHKTLPFAAQRGAEQAGQSSMNGDAAPLDALRKSFATTVGADGYAQASAEASSRSAGNALPHTGDAVLGIEAKGGHGLLAGQSLQWTVGETLTVGSGSDTNLAVSRTLRIHSGQGIGWLAGANGVQGVGMSVIAGKDDLTLQAQHDVMALRARDDLKVASIGADVEIAAKQTVRLAVSGGAHLTIEGGNVTFGCPGSLVVHAAQHTFVGPDQLAPALPQFPEKVCVECLKHAMQSGSALAGKAI
ABC39416.1,MASCPGFQIQKSEGNQMSMACTGTAFYQAFKQNMEALGLDVPSSWYGTQTALLTRVGALVAAVDRLGKDATLAELIGATTLPEKLLAAGGIYASWYVGAAVGSLMVATGKFTQCSSSTDISRAVQRFQFEAAIRVPSSLLFHLQTHPEIFDDNATNRLMYARRGLSTKQPEFAK
ABC34803.1,MSQIYGTKPEGALYVGKGDRLVMQTDGRLVFYAGNDVVWSNWYFGPAPIPGSYAVVEDFGVVAIYPPQGGYPSFTWPFASITPNSGALTTVAGYPFGLNFPVLNGYQSLQVFNNVTHYLWNKSFAADSVAMQPDGNLVVYNKGGPVWSTGTSGNPGAYMLVTPVGFVLGKQYGGIVANVPYPVSVDQSSRASGPDDPKPATPPPPALNLPINASWKCYYVRDWLVCYAPG
ABC38949.1,MNFRFAPAERPDIGVVTKEEKDAILRRLHDDDGMSCCKTLHIGIFFDGTRNNAERDKSGHKHSNVARLRDAFPQDRYHKSIYVAGVGTPFSSEIGDYGIGLQAVAGASAGWAGEGRINWALLQIHNAVHECAFRVGLSTALGVDDKNLVKLMSLDMNFKGIDLGGNAPQPGSTGDIKSRSSPGIGALKLIAAEQYGAELTWDKDTNWSQLKDDLDSSKWAAAVRAWDGRRRKILGDRRAQLKARVGDMLVKGKPRIQRIRLYVFGFSRGAAEARTFSNWLVDALESDFSLCGVPVSYDFLGIFDTVASVGIAQSAAATLFDGHGGWARKELMAVPHYVRRCVHMVAAHEPRGSFPLDLIDCSLEGREEIVYPGVHSDVGGGYGPAEQGRGRGDADKLSQVPLVDMYRAARIAGVPLDIQGPGITSEAADVFKISAGLKQAFTAYVKASEGYYYAKEHGTAGLMRAHYGLYLRWRRMRLKDMSLQPSFKAAQANCPQDAMDIDSANKELRAEWEDLLEIEKEGGPSVAHYAKKFGAKVARDNPKIVASVSAVLLPGVIVFSTRPEVIYGVRKAGDRVTELVRAQLQEKWEQWQQVRSDWNMGPPEAPISALYDNYMHDSRAWFKPLGDDDDVWNYKQIQELKSKQASFEREHAAWRKRAETGAPGPWQIAQAMSAGASGLGPIAMQPEPEPRSPLTAQQADLLKRYDAAMQSAKQARAAKDPNAPTDSAVLTDPKVTGGLALQTSGREFYFLWGFLRWRTVFVNGVRWDQPRVPTVQEEMEGMRMQMQRQVDMKGIGVLFQ
ABC37431.1,MANRPGDRPVPIPRDLPGVVIFIHGVNDPGAAYATVERGLCQGLNERLSRSDLRPAEYGREYAEAIKAKDRKSPFFDSKIANDPDMYLYRRAESGGAHSMFLPFYWGYRASDNEIAKINHPGEIKSRVADSDGNLMTRGQYQDIHGNRLDAHFGKGGGFFANATNNIPQMYSRGFEPDKLERTVMQNALAGNTIFAGKSPERRYFVLAAARLANLIKTIRTIQPSALALEHGMDPQHETITVMGHSQGTIITLLAQAMLKQQGQRCVDCIIMVDTPYSLQFTKDGSQQTGHAKLKTLVDIVNAVTSEPHTIPDLAELMIDSAHSCGRAGQNWSQTQGKRLDKSGKHWITFDERDNRGKVYLYFCPEDTVVGLDKVRGIGTFGVPDEVPADGAAASRGKTMPAMTALEPKRFFQRMWTRLERDQDGRGRRSKVAVGTPPARVPVRDPFQRLTPGPDTDGTMLGTLVESGKNMALQASFKRNDIRLINGEQLKPAYEPDLYGGEVQKGGQVPGHADVAGLMRPDDVTKNVALGNQYAKFQWKDVATTDDPGASIEPHKQAFNRGRPVDEQSHNWRIVPSRSLGSMLSAAATGGRYQTYVIQREETPDEVRKRMRTDADQLEANNYHSGVLLSSENHRWVTAMDVAIGQAVTLDDPDWRQLLLLMADWKMTPSAQKKITNCKSFARLDDHTQGFIDACAKYYQKGLFPSEKFVSLALPSLITSELKLDQKT
ABC38088.1,MAGSDDRCDVCKLQGLAVYPSRYAVVPKTFDAPALGPFDDKSVTGVALTQSKYGLRQLREGFVYLLYESGPRGPFHWEVYSVAPDGTLWKQLDTASVKRVSAPQACQRKGHSASRVQYLVIEKPHQCGNVWIAFSEWPWSQDTVKRYGGNDANAASLRKKRMQLIEPSKWISAPKPGPYSAPLTEANLQRVIEHAPAVATTAKGEPVGLLSTELPEAVSYGDLGAFRDARLQICTSRYPWTMRNKAAAGAKLSPAAETVKHAEGSTRNAKGAPCVPMMVALWDGIGITHELNGFRNDAQARFLQYCDEQALRINALQWIDQAKLAVEAGARRKATFDHSPATPGSTSWYYPDAVAKQKAAAKTPADQRFWSDYQWMGENGVPPSYARQITQFRAAPSSPAYQDAMARARKYVEAKPRIEQDRAKKIDQDTVTGTEHDWAKYREKLADDTSGKKGASNGNVKRIDVFRILYQRIQDQKQALLAQRTADVANWLDAPLFLAALEDYHEENGFDGIAFEFAIFHAIVGLSAERSGVAALNKLIDRLDPTKPESLVWRMVASNQKKSKEALKLALAKAEANKNVVLETVGEGFNVFAETSEKLKKFAEFYTKMDEMSKQAKQLNAIDQAMHDKGVDKVVVSVGHLVFQRFPYKGADLMGLGNGVSEAIIKSVFMLRVGIKSEEVKDLVLQQAKVEPQLRSKFLGEYQAQRRMGRSSPEAFRMATSAVAKTEGSNVLANRWSKLKVRESVGLVGVIGLIEVIGLIKLINKSDKEGRDWAELGGACFSVAGAAAEVALKPLEAFKFEEGAKNLKIFGGYCGALAAGVGTTLDTLDAIEKWGSGERLVSVLYFMKGMLGFGTTMAFGLTALSSSAPVFERLASNITGRQIRIVILDRIGQGITDAAARKVAIAAGERVATVAAERVGAMVVGRGLLIMASWQIQVAIISLQFVIWYFGNDDLQNSIKDSIFGVGGKYKNTEDLKKQNEAFDKALVAVGFKDDTASDKEEAKSHR
NP_795162.1,MATPAYMSITGTKQGLITAGAFTADSVGNTYQEGHEDQVMVQGFSHELIIPRDPQSGQPTGQRVHKPVKITKVFDKSSPLLLAALTSGERLTEITIQWYRTSAAGTQEHYYTTKLEDAIIVDIKDYMHNCQDPANAHFTHLEDVEFTYRKITWTHEVSGTSGSDDWRSPVAG
NP_251375.1,MAIGQPFATALGCTIIWRAAGALFGPPAAGDYQGRFPMLFSQHTRLVHVDSPLGPEVLQLQRLEGREELGRLFSHELELVSSNPALPLDALLGKPMSLALELPGGSRRYFHGIVARCSQGAGAGQFASYQVTLRPWLWLLTRTSDCRIFQNQKVPDIIKQVFRDLGFSDFEDALSRSYREWEYCVQYRETSFDFVSRLMEQEGIYYWFRHEKKRHILVLSDAYGAHHSPAGYTSVPYYPPSLGHRERDHFFDWHMAREVQPGSLSLNDYDFQRPGTRLEVRSNVGRAHAAADYPLYDYPGEYVQSQDGEHYARTRIEAIQTQYERVRLRGCARGIGAGHLFHLSNYPRLDQNREYLVVGAEYRVVQELYETGNGGGGAQFESELDCIDAGQAFRPLPSTPVPVVRGPQTAVVVGPKGEEIWTDQYGRVKVHFHWDRHDQSNENSSCWMRVSQAWAGKNWGSIQIPRIGQEVIVSFLEGDPDRPIITGRVYNAEQTVPYELPANATQSGTKSRSSKGGTPANFNEIRMEDKKGAEQLFIHAERNQDIEVENDESHWVGHDRTKTIDHDETVHVKHDRTETVDNNETITVHANRSKTVDRNETVRIGMNKTETILMASLQNVGMGRMENVGLGYSLNVGMMMNTVVGLNQSTQVMKKKTLSVGDSYEVSVGGSDDGSKITLDGQSITLGSQRIELTADREILLRCGQSTIRLTPGEIEILSPNVDINC
ABS75643.1,MKKAIITIAALSLFLLSACSLEPPQWAKPSNTKHKKEFTIGLSVSTLNNPFFVSLKEGVVKEAKKRGMKVIIVDAQNDSSKQSNDVEDLIQQGVDALLINPTDSSAISTAVESANSLGIPVIALDRSAEHGKVETLVASDNVKGGEMAADYLADQLGKGAKVAELQGVPGASATRERGTGFHHIADKKLDVVTKQAADFDRTKGLTVMENLLQGHPDIKAVFAHNDEMALGALEAINSSGKHILVVGFDGNKDAISSIKNGKLTATVAQQPELIGKLAAEAAEQVLKGEKVKRTISAPLKLQTQK
AAR83929.1,MAFDTYIKLDKVDGESTDDKHKKWIEVLGFAWGAGNECTMESGTQGLNTGKAMMSVLRVTKWMDCASVKLASAAVQGQNFPTLELEICTQAGDKFAFCIYKFTHVAVSSYQCSGATGGSDRPQETIDFAYKEVTWEYVPQDQNGKAGGKIGPEGWSLITNKKK
H9L4Q3,MPTPCYISIEGQTQGLITAGACTADSIGDSFVEGHEDEMLVQQFDHVVTVPTDPQSGQPSGQRVHKPFKFTVALNKAVPLLYNALSSGEKLKTVELKWYRTSIEGKQENFFTTKLENASIVDIHCEMPHCQDPAKSDFTQNVTVSLSYRKITWDHVNAGTSGSDDWRKPIEA
NP_232524.1,MARLQFQLKVDGLEDESLVVRGFEGQESLSDSVWRCEPCYGFRYQVDLASALSNLTAEQFVDQTAHLTILRDGQVVQQINGIVRQLSKGDTGHRHTFYSLTLVPALERLSLRSNSRIFQQQSVPEIISILLQEMGIEDYAFALKRECAQREFCVQYRETDLQFLHRIAAEEGLVYSHLHEAQKHTLLFTDSSDSQPKLAKPVPYNALAGGEINLPYVVDLQFKTTAQVSHTELKDYSFKKPAYGFTQRTQGKDIAYQQPNYEHFDAPGRYKDDANGKAFSQIRLEYLRRDALLADAKSDEPLLLAGVRFDLQDHLDHAMNRDWLVVQANHQGTQPQALQEEGGSGATTYSNQLKLIPAHITWRARPCAKPQVDGPMIATVVGPQGEEIYCDNFGRVKVHFPWDRYSSSNEKSSCWVRVAQEWAGSQYGSMAIPRVGHEVIVSFLNGDPDQPIITGRTYHATNTAPYALPDHKTKTVLRTETHQGQGYNELSFEDQAGSEQILLHAQKDWDALIEHDHTEVIRHDQHLTVDNDRFTRIQRNQHLTVEGEVRSKIALDSSHEVGASLQHKVGQRIAVEAGKEISLKSGAKIVVEAGAELTLKAGGSFVKVDAGGVHLVGPAINLNAGGSAGSGSAYGGQLAAAPRMLAQAKPVAELVQPDIAASMQSGAARVIDVASLPTMMPSSANNTANDEPVAEEKTPERILKSDLLKPSDELEKLAKRQASAYRQGNHSDEVKLLQEALIKLGFDLGKAGADGDFGSKTKTAIEQFQKSYQPSHQTHPSYSIGAVDGIVGKGTLLALDEALMDGWVYENNIYQIWPLGKTSEKYESAGRGPGVISTGNGDYGGASYGCYQMSSNLGVVQKYIQSSKFKEFFSGLNPATKEFNVVWQDIASRYPQEFREEQHQFIKRTHYDIQIGHLRGKGLLFEHNRAAVHDLIWSTSVQFGGRTNLIFNALNGQNMESMTDKDIIILVQDYKLVNTERLFKSSPSWWSDLKKRAVSEKKALLELEIDGLEVDIK
AAF94573.1,MATLAYSIEVEGLEDETLVVRGFHGQESLSNSVFLGQACYGFRYEVQLASRVSNLTAEQMVDKRAELKLYRNSQLVQRVHGIVRAFSQGDIGHHHTFYQLTLVPALERLSLRHNSRIFQKQTVPEILSILLQEMGINDYAFALKRDGVQREFCVQYRESDIDFLHRLAAEEGLVYSFVHEAGKHTLYFSDASDSLSKLPEPIPYNALVGGAIDTPYIHGLTYRTQAEVSEVQLKDYSFKKPAYSFLQTVQGTELDYQQTRYQHFDAPGRYKDDVNGAAFSQIRLDYLRRHAHTATGQSNEPLLRAGYKFDLQEHLDPAMNRDWVVVSINHQGEQPQALQEDGGSGATTYSNQFSLIPGHLHWRAEPQPKPQVDGPMIATVVGPEGEEIFCDEHGRVKIHFPWDRYSNGNEQSSCWVRVSQGWAGSQYGFIAIPRIGHEVIVEFLNGDPDQPIITGRTYHATNTPPYTLPEHKTKTVLRTETHQGEGFNELSFEDQAGKEQIYLHAQKDFDGLIENDHTTVIRHDHHLTVENDQFTQIKHNQHLTVEWESREAVTGEQVLSIEGSLHVKTGKVWVNEAGTEIHVKAGQKVVIEAGSEITVKAGGSFVKVDPAGVHLSGALVNLNSGGSAGSGSGFGGAMPALPGGLEPAVALAPPQTISYQALLQAEQANVPAVKVCPLAAQEATPAVNSITPPPPPPIAPPMAPPQPIMNPQPTANAQPNLGRSTKATPDFPTHFPKSSIGIENELAGLVVAMPANSAQKFGYVKSAQGDALFMLTKDMNQGSYQRPPSLQDGKNYQNWQTHTVELVSYPCEMDDKAAVETRKQAMLWLATHFTTHIDQSNHQPLAPIQSEDGRFVIEITNAKHVIAAGNGISAESQGQTITMTPSGQQATVGVAAKGFGTSATPELRLLESAPWYQKSLKSQFASLTSAENLDDKELAANVFAYLTSIYLKTAELAKKFGIYINEWDPMSEQITPNANGLTDPKVKNAWEILPRTKPSKIVEILSKSDAKAVMKHIKPQLQSRYSESLSKNVFQYFQDGGEVAGHGINNATVGDKHSPELAILFEFRTVPNELQSYLPKTESTTKSEVKLLDQFDPMKRKTVIQQVESLVQNSGDAFDKWYQSYRDSMNQPPVKNAKKIASANQKAQWVKEHNPQEWQRIIA
YP_170299.1,MSKADHIFNLEEQGLLIDIKDDSKGCTTKLESSGKITHNATESIESSADKQIIENVKDSKISITEKEILLATKKSSIMLSEDKIVIKIGNSLIILDDSNISLESATINIKSSANINIQASQNIDIKSLNNSIKADVNLNAEGLDVNIKGSVTASIKGSTATMVG
YP_170304.1,MSQIISTLNNIDLVTQDKVNLISNMQIQAKYENAEYKSFIDQLIDNLNTTRSIDIYNLFLSLNSEICLNLDTVDNISKIISSYLSILNTNFTRISPSESKQKNQLAEKGINKFLVTMDANFAQMQNQDKLLPNNIDSIIEIVQEVIIFFEKNNLNYNSDFKIQLNKTLRKIKSSLILKDQKNDTYSDKESINQVEATITDQKTIQGSEKWKTLIEKIEVLKALVESERIFETSIVYNDIQNLLVNFDPKEYFPEIFFPLYKKIAPFIGNIHKNIDYYSSSIQWSIAQKMYNIDYKSFLDTLEKMPENNFLNSSSDITKNFFYETSSEVEKTPIEEHKIIADTDAIKEEIVIKQRTNNKKNQNDPVEKISNKIDEDYFEDLFDI
CBG37385.1,MVGVMSNSSALSREFVKIEIGGKVIKGNSKVENSGDYFDGHCPQAFHAFSGIDGTVFDLINLKLRVTKHIQDLLENFFKRGEKEVKIEILRRESTKSGSAYSSFKVVYQGCRMHNMLLAHDNDSNLILELSFTPEESVSIEMNIPSDDGKSTEKLGPMTYNLYKEALV
CBG37351.1,MAIPVYLWLKDDGGADIKGSVDVQDREGSIEVVAQEHCLYIPTDNNTGKLTGTRIHTPFLFTKEIDSSSPYLYKAVTTGQTLKSAEFKWYKINDAGQEVEYFNTKLENVKVVKVNPVMHDIKNPAYEKHNHLEQVELRYEKITWTYKDGNIIHSDAWSERTTA
NP_356310.1,MPIYLQIDGIQGDATHEEHRKWMDIEAIHWNVARNMNTSAGSAANREASEPTISEVILTKVSDSSSTKLFQEACAGRTGKLATIHLVTTGNPGNTYIEYLLTNTLIASYSVDSSGDRPVETIKLNFTKMEVKYTPFDDNNSPQSPMIASYDLATTKAA
CAG76327.1,MANSTGLQFTVKVGALEAGTFAVVDFSLDEGLNRPFSLSLSLASALPDVDFGAVLDQPCELMIWYEGELKRRVSGIISGFTQGDTGFRRTRYQAEVRPALWRLGLRTNARIFQAQKPEAIIGTLLEEAGITDYAFALRHEHAVREYCVQYRESDLAFITRLAAEEGLYFFHEFEEGKHRVVFADDAGALTKGPELFFNLATQGLSEGEYVRRFHYAERVSTAEVELKDYNFKTPAYGLSHKKMSGELEHQRESYQHYDYPGRYKQDPSGKAFSGYRLDALRSGAVTSEGESNCAGLMPGNTFTLTEHPNATLNAVWQTVSVTHVGQQPQALEEESGGEPTTMSNSFAVVKGTTTWRAAMPYKPMVDGPQIATVVGPAGEEIYCDQFGRVKLQFPWDRYGASNDQSSCWVRVSQGWAGGQYGMIAIPRISHEVIVSFLEGDPDQPIITGRTFHATNPTPYVLPAHKTRTTLRTDTHKGSGFNELRFEDEATREQIYYHAQKDMDGVINNIHRQSVGRDQHLSVAQDQFQRVDRHRHRTIGKDDFENIGQDHHQEIGRSFIQKIGSSFKRFIGGGEITRIEGSRQTTMSGSEETLIGAHQRILVNTDSYLKAADIVLEAGQALTIKAPGGFIKIDSAGVTISGTIVKINDGGAAGVGTAPVSITPEDPSKPTLPDAPDRR
CAG76328.1,MPTPCYISIEGKTQGNITAGAFTSDSVGNIYVEGHEDEMLVQEFKHVVTVPTDPQSGQPSGQRVHKPFKFTVALNKAVPLLYNALSTGEMLPTTTLKWYRTSVEGKQEHFFSTILTDATIVDIDCKMPHCQDPSKLDYTQLIEVSLAYRKIDWEHTVAGTSGSDDWRTPVEA
ABW69081.1,MGLTSDSRLLSLSTPLGKDALQVVQCRGEEAIADLYRFELELFSTDPALAWQSLVGQAAALRLALPNGQTRYWHGVIGRAAYRGAEQHGFAYYAELVPRLAWLQHAQECQIFQEKTVPQIIEAVLKARGISDFRLSLSQRYAPREYCVQYRESDLSFISRLMEEEGIFYWFEHSESRHVLVLADGNAAVQPCKVRSDIVYRPKHRSESGDDIQWWMPSLAVVPANVFLNAYTFEQPTAHLLTSSASVAKQGKLSDVAVYDFTDDYTQTREGERRAKLKMEGLEAMQARIEGGGRCRTLAPGYGFSLQKHFRKDCNGDYLLLSVRHEIVNNLPWQEQEVNYQNHFICLPKSLPYRTLSQTPRPVMHGVQTAVVTGPQGEEIHTDRHGRVKVHFHWDRLGTQDDKSSCWIRVAQGWAGLGWGGMQLPRVGQEVIVDFVDGNPDAPLITGRVYNAHQTPPFKLPDNKTQSGIQTRSTPNGNPEHFSLLRFEDKMGAEEVFMQAERDFRRRVKHDDELTVEHDRRVTIKNDCAETVSEGNYLQSITKGKHTRVIEGDALTEVKSGNSTLQVNKGDHATTASAGSLHLKAGTAITLSVGSNRIVIDSGGVLIEGMNITVKGKQSIALSGLSVAITGTQSASLSSSAEAEVSSSVMTSIKGGIVKIN
ACA69830.1,MAALVDYFLHIEGVDGESPDQQYNGWIQVQAWQWAEENAGRWGLGGGGGSGKVEMKDFEFRMVSNKASPKLFLMCAIGEHIPQAKLVCRKSGQGQQDFLIVTFSNCLVSSFKTVGNMPLGKGDAVFTDTVLPTDAISLNFARIEVEYKEQQPDGSMGAVIKAGYDLKLNNRI
ABG57132.1,MPTPCYISIEGKTQGNITAGAFTSDSVGNIFVQGHEDEMLVQEFQHVVTVPTDPQSGQPAGQRVHKPFKFTVALNKAVPLMYNSLASGEMLPKVTLKWYRTSVEGKQEHFFSTVLTDATIVDIDCQMPHCQDPAKSDFTQLIQVSLAYRKIDWEHTVAGTSGADDWRAPIEA
ACT11497.1,MANSIFMKITGKIQGLISEGCLSIDSVGNKHISGHEDEIFVYATNYDLSRDRHVNHHPFSVTKVVDKSTPLLLTSIANNELLECELRYYRTSASGTQENYMTITLRDASIVNLSNQNPNSLTHNDMQPFETLSLRYESITCQHNIAGTSGYSILTENMY
A0KHA9,MADSTGLQFTVKVGALPESTFVVAEFALDEGLNRPFNLRLELASAQPDLDFGAVLDQPCELLVWYNGELQRRVCGVVSDFAQGDSGFRRTRYQLLVQPALWRLSLRQNSRIFQAQKPDEILSILLQEHGITDYAFALKNEHAKREYCVQYRETDLDFVNRLAAEEGMFYFHEFEAGKHRIVFADDAAALTAGPELFFNLGNRSLEQGPYVRQFHYREAVRPSDVELKDYSFKTPAYGLSRKKVGVELTHQRDTYQHFDFPGRYKEDPTGKAFAQHRLDALRNDAVAGSGKSNSAALLPGQTFSLTEHPNGSLNTDWQVVHIRHTGLQPQALEEEGGSGPTVYHNEFSVVKASTTWRARIGSPEAPHKPMVDGPQIVTVVGPDGEEIYCDEHGRVKLQFPWDRYGSSNDQSSCWVRVSQGWAGGQYGMMAIPRIGHEVIVSFLEGDPDQPIITGRTFHATNRPPYELPANKTRTVLRTETHQGEGFNELRFEDQAGKEEIYIHGQKDLNVLIENDAAWHIKHDEHRDIDNERVTRIKANDHLTVEGEKRDQIKADYSLTVDASLHQKLGQSLLMEAGSEVHHKAGMKIVMEAGAELTLKVGGSFVKLDASGVTLSGGSIKMNSGGSPGSGSGWGGKAPIQPGNVEVPTPPPATLPAPAIHKSMESMAPLAKPCPAAPPPVPPPPAGGPPAPPPAPPQLAGGPMMPPPPPPVAATGEGKKSAKKWATVEISKADEALRYYSAQGYTLLNNYLRDRPYKQREAIDTLLSRSYLNDEPTSASEFDQAMKAYVADVEAGLAKLPASPDLDFVYRGLALDKPELAALKDQFTGVGNIIVEPGFMSTSPDKAWVNDTLLRIRLPAGHGGRLLGEAAHFKGEAEMLFPTQTRLRVDRVVSSMSGDFDSLLNTIPTSDNASDNRSRIKRLIEVSVL
ABG57151.1,MADSTGLQFTVKVGALPESTFVVAEFALDEGLNRPFNLRLELASRQPDIDFGAVLDQPCELLVWYNGELQRRVCGVVSDMAQGDSGFRRTRYQLLVLPALWRLSLRQNSRIFQAQKPDEILSILLQEHGITDYAFALKNEHAKREYCVQYRETDLDFVNRLAAEEGMFYFHEFEAGKHRIVFADDAAALTQGPELFFNLGNRSLEQGPYVRQFHYREAVRPSDVELKDYSFKTPAYGLSHKKQGADLDHQRDTYQHFDFPGRYKQGGSGKAFAQHRLDALRNDAVAGSGKSNCAALQPGQTFSLTEHPNGGLNTDWQVVRIQHTGLQPQALEEEGGSGPTVYHNEFGVVKASSTWRARIGSPEALHKPMVDGPQIAMVVGPEGEEIYCDEHGRVKLQFPWDRYGSSNDQSSCWVRVSQGWAGGQYGMMAIPRIGHEVIVSFLEGDPDQPIVTGRTYHATNRPPYELPANKARTVLRTETHQGEGFNELRFEDQAGQEEIYIHGQKDLNVLIENNAVWHIKHDEHRDIDNERVTRIKANDHLTVEGEKRDQIKADYSLTVDASLHQKLGQSLLVEAGQEVHIKVGDKLVLEAGSEITLKGGGSFVKVDPSGIKLMGPAIKLNAGGSAGSGSGWGGKAPVVPKGVEVVKAPELVELVKAIPTEKAMEALLKEQGPAQTFFVPSR
ACN89305.1,MPTPAYMSIQGETQGHITKDTYSADSVGNTWQEAHVDEFLVQELDHVLTVPRDPQSGQPTGQRVHRPLVVTKVQDRSSPLLFNALVSGEKLPECVIRFYRTSVQGKQEHYYSIKLIDALLVDIQTRMNHCQDAATADRVTEEVLKFTYRAIEVTHENCGTAGNDDWRAPREA
AAY94704.1,MWNKEAAISHLNAHAHAGSTGRCAAYTRQAIEAGGGGVILHRKHSAKDFGSSLTSAGFIEQPAGQTPAAGDVVIIQPIPGHPHGHMAMFNGTLWVSDFKQLHGFYPGHSYRVQKPAYKIYRHP
CBG89517.1,MAQDMFIKIDGIEGESLDASHKNEIEVLSWRWASAQSSNMHSGSGGGAGKATVEDFCFEHYVDKASTNLLSYCLSGKHIKDIQFVVRKAGGDPLEYLTIKFSDVIITRVETAGSNEDETRPRERVTFAFTKLTQDYVMQNAEGAKSGVISTSYDVKANLRS
ACA69825.1,MQLIEIENEVLSGQDAFPLSFKTQEKVSGNPSYQLVFQVAEADLDLVSLLGEIIKVRIELPDSAGYRTFFTYVIAGADEGQRQDKFVYSLELSTWTWFLMQNRNCRIFQDLNIIDIIEQVFSKYNFADYRFDIVGNYRLREYCVQFAETDFDFVNRLMEDEGVWYYFEHNEDKHTLVMTDQQQFPVLEGHYAELSFLPDSEEMRAIREGIQRIQRSQRIHSSEIVLRDFDFLNPRNTLQTHIEESRQHLQGVPLEWYDYAAGYTDPQHGESIARLRLEAIQSNGQLLSGESNATGLVPGRSFALVQHPDNNRNRGFKLISCDYSFVQDGPDSASQGRNVACKFKALNDDVVYRPQCVTPPPKVPGVQSATVVGARESEVHTDKFARIRVHFHWDRYKTTEDDSSCWIRVVQAWAGKGWGVLAMPRVGQEVLVNYVDGDLDRPMVTGIVYNGENPPPYRLPDHINYSGFVSRSLRFGQPQHASQLTFDDNRGNERIMLHAERDLQRTVERNSATAVGQDKYDTVERTATEWINNHISYKDFSFSVTGMSVSATGISVSTTGTSLSVTGMSTSVTGVSVGFTLIDTSFTGVSTSFTGVGTSFTGASNSLTGVSNSMTGCSSSFTGTSNSMTGSSHSMTGMSTSITGHSMSQTGSSSSITGDSTSFTGSSVSSTGSSVSTTGVSTSTTGSSTSTTGCSVSTTGSSTSTTGNSVSMTGNSTSTTGCSISTTGSSIGTVGSSISTTGSSVSTTGSSISTTGLSVSYTGAQYSDVGVDLKTVGMQSKN
NP_231061.1,MDSFNYCVQCNPEENWLELEFRSENDEPIDGLLVTITNQSAPSNTYTQTTSSGKVLFGKIAAGEWRASVSQASLLTEVEKYASRKEGQESPVKKRAAAELDAADKDTKQYRFTTIGDFWDEAPKDEFLQKQHKGIDVNASAEKAGFRLSHNQTYVFEIKALRSYMPVIIDTDEFNLVNSYTFALLSKLAYATNDFNRDDGKTIDNQGAISTVISQLKRKERPTYSGDLQAKWLLEEIPYSKALSAQYYAEDDVGSEGYIIFNDELAIIGVRGTEPYFQSKKPPVDNTKFKIIKAASGMAAVIADKIESATDSPGMKDLIITDLDAAQIAPEEFGGTYVHRGFYQYTMALLSLMEKDLGLHKIKKFYCCGHSLGGAGALLISALIKDSYHPPVLRLYTYGMPRVGTRSFVERYQNILHYRHVNNHDLVPQIPTVWMNTDVSEGFHVLDVFKSRVDLMRKMLTDDDDDNYQHHGHLSQLLTYNSNNQVLLTPKQTQVTMLDLANLATNDSVAMVDGLSDASIVEHGMEQYIPNLFEQLTALSDESLMVHYQRAISALEQEIATLQQSYLTVKQAWIESIGNGTPTMNIGRLMSEMHSINKLIENRNKIRGELRQIVSDPQRMPATKFLISQQTLPDEIKVQIR
ABO11724.1,MKDIYVEFRGKYKVDGESRDSEHKGWLEVNSWSHNIRQPKSATSSSVGGHTAERVEHSDMVFVKDLDATSPKLWEACSAGYTFDEVQIDFYRANGDKRIKYLQIKLKHVLVSSVTPTVNEEGVPTEAFGLKYAAVEWTYNQQDINGTAKGAVTKKWSLSNNTASYAA
AAG06875.1,MLQKKPYNGLHEKELNQINQQDGSPCVAISAPGCFIKGSNLFSEKRAGNRVRFFTTGRDYFSDLASALDSASSSIFITGWQVNYDVLLDGRRSLWQCLRQALERSPALKVYVMPWLSPSGSLGTYDFETMLAVFQLNAGLEGGARAFCTPAIQQSDMQGLGVAFSHHQKSVVIDNRIGYVGGIDLAYGRRDDNDFSLDASGRRGNDAYNPGLPHLGWMAEDEHVSSMGLMMATLFDLSRPLASLTLHAPTLRLSPFPHIAASDEPLLSIPLAPSRARALNGAAYLSDLFRSPMLPSLQWLGRAYNSSKEGLDEGFERLDALRRQMVASSIRAIANLIADNLDALPIEPELERRLRAWLEELRTAALNLPEALRIKSLLLINQWMSETELGQVLTLISGKGFEDIPQNLSGKAGELAGSLFWTLHRLMQARAGGHQQPYRYLDEAPQPLASPDNARLAADQPRMPWQDVHCRIEGPSVYDLARNFIDRWNGQQAYLAKTPALQDTALVRSALEAVMKWLNSLAAAAGLENYLDEKRNLRLELDPPTPCWINAPEQLPQEPEVRRGGMTVQVLRSAAARMLEQEQAGRLGAGVNLPLQVGVSTEGVQSNCKDAMLLAISGAQQFIYIENQFFQSEFGKEGEVFKDLPLSGPMASLRDVGSLRRDFVVRIRLEEALEQRDLWLLDWAEVEKIAQEPGTEARQFLKSMLAMWGVNAQGWLTHKLGEAQHGLLNEIGEALARRIERAIQREHPFHVYLVLPVHPEGALNVPNIMHQVHLTQQSLVFGEQSLVKRIQRQMALKALEGKSDPAQAREIIERKDARGRPVYEQQDWSRYLTLLNLRTWAVLGGRVVTEQIYVHSKLLIADDRVAILGSANINDRSLQGERDSELAVMVRDSEPLTVRLDGKNDAIVGKAIHQLRVNLWKKHFGLSQGPGGFVKPASELSAYLSIPAAQEAWEAIQTLAKENTRAYERTFNFIPQNISQTQLQLTPEPPKGFEDGFPASIWPTWAYRKPGELRAGGQLMEPMPYQEIFWRSSNLTSVKTFPPPNGVSGFITALPTSWTRGERNDSGLNLSILAHQDSRSLPTQVAMNGDSSAQGKHRT
NP_356308.2,MRVNFDTLYSNYPSSDPSHPNYLSQRDLFTEIGWESFIGNPNYHNTCAIRVSIAFVKSGINIVPSSHRIQKGPYAGKGIEVNMRRLATLMKRTSYLGEPDPYTPATARNGIGARNGVVAFNNIPGYTGGGHIDLVRGGSEATQCASACYYNSETIWFWPLQASRGS
AAY92307.1,MGPGLLYNHAAKTAVNGIDRSTEGTNVSARLCNNISAVTFVSKYKAVCQPIADQLDLPVENLLGLAAQESQYGTGRIARELNNYFSMHAPAPLQIGAEAPLGNASIKVAKFDSFQKSAQSFASSFGTAVRGQRDPMAFAQALVRSGYNTGNAKTGGRDGFARYLADIIIAVRGRMAC
AGS61453.1,MTGEVNEKYLTPQERKARQMVKAVNEASPRNLPADAVVCPCENEHRPVYPVRYAYTNFYCDLHFSTIEQAPNKTLEASIPPSINQLLNAKDVTASKGFSARLLRQGWVYVFEEGNYPTRSNSSNKSYQEQNVDATKGRLLVFQHQVTTSDGNENFIPYIFKQLKNGGVTLKKNGNSNPYLAIPKDVKEATILFSESKLSDYTLKKIISSSKFRSKLMQKINFIDYNNNDYCIELNKDNLNRLVEDYKEEVDKFKLFVKEFTHSNIPSSFFSDTTKIPDLPQDATVLINQVNSVLDYNEKATLLILKDPVGYQKDILSYYNIVTKLHLLYQNYYSHPDKIGQFITSIQEASHHIKDTDEKEKMQTILKESINQNALDNEWKNIHKTFIFFEKHQRIVLSLYESFMNNPAIINENGGLKHYFDYAFSYHERITKEDVFSIDFFKDLNQAFDLYFDLVSPLMNSIEGQRTLDKLYSINDEENNSLWVGVTKKVISLIANSKIKDALLNVQEYAMHIENFVNKLAFICSDSIGFAFTKTSKVLSHYDIKNRLINTKGIDYLAQKILPMILAFCNTKISLTEFVKLSGNELNQWMEQLRKLTGQIVPNLQHPKLNKLFSWKQKIINLGEETAVLIPKIEIIDITKNKIYIYGKDALQVSTKLFLNGFSMITGSIQAYTLQGMSLYERNDPLKLSPYNLYTAQIIANLFVASYSILKVSQEATKLSQTVSSTTLKFFLDKIKLPMLTTEVGTKRMAALGKIAGAVGAALAARDALEAFHIGNYKQSVSNIAIVIGSIILITAVTGGWALFAGALILGGFISSQLTSWSHLETLLKHSFWGNEKRSNFWDNDRPTPIGEQLKQYIKEFEFYKQKGLIELQEFYNLFYTAKMTQEKIPNGKLRLSFEFTNFTPGISEVYFHFVTEVGYHSGLAEEIKTPSSAYVLNKRKDLLEISEQLKMASEKGDWNPETGIFKFSLEVQSQLVNTYSAFGAHPNSRIGIEDLYWYYQVNPEVTTPMRYINWGGDTQENNQLLGFINSENI
AGS61450.1,MPTPCYISIEGKTQGNITAGAFTADSVGNIYVQGHEDQMLVQAFSHVVTVPTDPQSGQPSGQRAHKPFRFTVALNKAVPLLYNALASGEMLPKVELKWYRTSVEGKQEHFFTTTLTDATIVNIDCQMPHCQDPAKADFTQLIEVSLSYRKVDWEHTVAGTSGADDWRAPLEA
AGS61451.1,MSITNSKKYQRLGDKDGNSLSGDKTLTHGGGRTYAQDLALQEQHRQLIEKILSGDMQSGLVFTCQIGGLPEETFQVTQFDLQEGISQLFTLSIQAVSPLSEIDFNDVLGMASSLTVKRDGHILRTVQGILAAAEQGNTDGVKTWYQFVIRPEMWVMTLKQDSRIFQDTTVPHILETLLNESHIKYDKQLYHPEEHLQRAYTTQKRETMYDFWCRLAAEEGINFWFEEGPQLFYSDRHLGMRAGISLTYNPQSDTDITDSTATTWRYVEQLCSDIRVDKDYNQLRPSYPLSHQVTGEVHQQHEIFESYGRFEEDAQGQPFNQIRYEQSQNQRQVGSATTNCIELAPGRIFTLSNHPSARMNTTWQVISISHHGVQPLADNSGGEGTQLSNQLSFVPSTQEWRPPYRFKPTADGDELATVVGPPGEEIYTNEQGAVTVYFHWDRRGKPDHSASCWVRVAQGWNGDGFGFMAIPRVGQEVIISYLNNDIDKPIITGCTYNGRNRSPIDLPKHKTRTTFRTKTHKGDGFNELRFEDKNGDEEIYLHAQRDNNIHINHNKTQYVGHDDSHTVANNRKHEVCHDEFIHIVNEQTVQVDVNQFEQIGKDRITRIDNSWKEVIHASHFQEIGENKQCDIQNDYTLKAAGGIHTHTKIHTLQASETVIIKGKAGSIQLDAQGVTITGKILLKGDVSITGGAPEVVTQLEAAVNEGLPLAEDCRAKAMKKGTA
AGS59319.1,MLSKDPKSTPIDPASVLKDEAINQVKNRVQSKVNETLSTPTQKVAGMASAAASLTQSASASANRVTAHPLIHGGGFTGGQTFAENQALQAAHGALLDALGMDSLESGLVFTCTIGGLPDDTFQVTEFNLTEGLSSLFSLSISAVSALPFIDFQRHLGLASSLTVKRDGVLIRKVNGILAGAVQGNTDGVKTWYHFDIRPEMWVMTLNQDSRIFQHQSVPTILKTLLDEAHVKADCQFYREDLHPERLYTTQKRESAFDFWCRLAFEEGINFWFEEEQLFYSDEHMGMTAGIHLTYNPQADTDISDSTAMTWQYGEYLCVDETIHKDNNFVRPSYPLSHENKIEQGGQHSVFESYGRFQLDDEGRPLTQVRFEQLRNGSKVGQATTNCFALMPGKIFTLSQHPHQPMNDRWQVISVSHHGVQPLADNSGGEGTQLSNSVSFIPGTQEWRPPYRYKPTADGDEVATVVGPPGEEIYVNEYGAVKVHFHWDRRGSADHSASCWVRVAMGWSGNGYGFSAVPRIGTQVLVSYLNGDIDRPMITGCTYDGRNAPPIKFPENKTQTTFRSQTHKGEGFNELRFEDAGGKQEVFLHAQKDMNTVVQNDKGTTVGANHTETIMQNQKISVHGTQTTAVQADQKNIVFGNQHSIVDGEVLIASAKGIRLISGNSALQLNPDGTITLVCNNFDFYGHGSGRIGTGELLDLNMDGAGPGNLEMKPDTSTIAQAKDQFFPKK
NP_248783.1,MDAQAAARLGDEIAHGFGVAAMVAGAVAGALIGAAVVAATAATGGLAAVILAGSIAAGGLSMFQIVKGLTTIFELPEPTTGVLIRGSFNVYVNSRNAMRAGDDVSATCSGLPLNHPLWPFPVLIAEGSATVYINGKPAARLQSKMVCGAHIKTGSQNTFIGGPTERVAFVLDLEEWLHTGLEALGLAALAGGLLLAAMAGVAALVGVVAIGGLMMGGMALLGDLGDRLGPGYRDLFQGVAGMALLGFGPKLAGRRPAAVTSETAQRRAYLNNKFGRSGNLDHDINYRGNRETAAKFFKSKDIDPADAESYMNGLDFNHPVRVETLAPGKNLWQYQSPGAPQGNWYTLSPRVQPTELGINPMGTNRAANTIEPKVLNSYRTTQKVEVLRSTAAPTDDFWSVKGQSYPAKGGAQQLFSNEKGSFGLLPREGS
NP_251374.1,MSGLPVSHVGEKVSGGVISTGSPTVHVGSSAVGLADRVSACVPLVGKPVNPMLGSKLLPEEVDFALAAPDTFTFARGYLSSNPRIGRLGRGWWLPGESMHLELSEDACVLVDAQGRRIGFPALAPGAQHYSGSEELWLRRGGSSGGEAQAWRGRWAAVPAELQTQEGSVLVLSGHSYLHFQRCPDGIWRLQASFGRAGYRTEFRWSGRGLLTGVRDSAGRSYALVYQQACEPSEGDDGLRLFGVILASHDGPPPDYIDPQSPGLDWLVRYQFSDSGDLIAVRDRLGQVVRVFAWREHMLVAHGEPGGLEVRYEWDVHAPHGRVVKQIEAGGLTRTFRYLRDATEVSDSLGRVERYEFAGEGGQRRWTALVRADGSRSEFDYDLFGRLVAMRDPLGRETRRRRDGQGRMLEEESPGKARYRKRVDEETGLLVELEDAMQRRWTFERDERGNATTVRGPAGSTRYAYEDPRLPDRPTRIVDPRGGERRLEWNRFGLLAALTDCSGQVWRYDYDNEGRLVASSDPLGQLTRRRYDPLGQLIGLELADGSALSYEYDALGRQTRIADAEGHATLFSWGHGDLLARVSDAGGGELSYLHDEAGRLVALTNENGVQAQFRYDLLDRLVEETGFDGRRQRYRYNAADELIAREDADGRETTYAYDRDGRLASIRVPATEHAPALVERYRWLADGRLASAGGADCEVRYTYDEVGNLRLESQVHADGWVYSVEHSHDALGVRQTSRYGDAPPVAWLTYGPGHLHGALVGAVELAFERDALHREVRRDARRDGQDDALFTQERQHAPLGRLQRSRLRLAGGFDWQRGYRYDGLGQLVGIDDNQYPSVRYEYDLGGRLLASRRAGAAASTYRYDAAGNRLEGVGEHAREDARQAFAENELYRSGFSRSETRASQAGEGPARWAGNRVERIAGNRYRFDALGNLVERIGADGERLRLAYDGAQRLVHLTRDYADGTRLEARYRYDALSRRIAKVVLRDGVEQQVRFGWDGDRQCAEAFARELRTTVHEPGGFVPLLRLEQACEPDPPELLQLRQAFAAEGQPLPAQCVPALGEARIAFFHTDHLGTPLQLSDERGQLRWQGVPDDWRAVAPERQPGAQPIRFQGQYHDEESGLYYNRYRYYLPEAGRYASQDPLGLGGGPNPYAYALNAPTLAYDPTGLIIPLVVIGAFAARAAIGAALGAGIELGMQTGKQVLGQMKDNWDSDRDLTDIKWKCIDINWKHVGASAAIGTVAPGMLSTGKTVVQSAKAIRTLSGQAANTANRAAKLAARKAAHADTIKKAVATQAAWQTGKQIVKCPLKDEEEECPPQ
NP_251464.1,MSQLPIPLPLNESRWRYVTASGGGMTVAFLAGSGGSITLLSPEGENVSFRYGGVGGGIGLGMRLPRFGKVNLNVKGKSVGGAGALEALPSTGTVLVADGLVGRDLSRGDFTGPCMYVELGAGVIAGGSGTAILFGLDPKLLAAVALASASPLTAALGASMSRQLLQSSRGALLMAGVNVGAQFGGGAAAYLGALF
NP_253776.1,MSDLYKPQTLKLYAQQAGSVRLTLDWFANKAFYPPRAGVHIKPLINGQAAFDAVHAAMEAARHSIDIITWGFDPAMRFKRPDGPRIGELLQTKGREGVQARVLVWSNQLARLKENTIPGAGVGGSGGTWVGSGVASGSAVDNEVLRLEQRRQHNLNLIARQQEALERSERLHREGRLPSFDPRGAAHARTRIAELEAENAEIQRTLDSSGAQGYGGKRGSGGTRQDPWGQIFTRDWFKAVRGGGLQNVEFRTRDFEQTARPVMNGEQVRLVNGRLQSLIHLLRADGIDDLGIGQLLVLTQFASHHQKMVLVDYGSPQAIGFVMGHNMHRNYWDTSAHLFDDRAAGRDPGFGPWQDISMQVQGPVLADLSRNFSEAWDLETPWYKRWFSTPSLTAERDALPLPKIATPASNSVAQICRTQPQDDERSILEHYLKALGNATDYVYMENQYFRYAGFAERLRKTAQVRKARGVPGDLYLFVVTNTPDSSDASKTTYDMMKGLGQEQLMPQVQRDLAHDLREKREQLKQVRENLHPDPYVRRGQENNIERLERKIEALEEKGVTPEVEQRLGDLGAQEIPGLAKNTGEDDKPYQLVEVPGLKVVVATLATSDPAPGSPPPARLSAEAEAALGAPPLKARYKHIYVHSKLLLVDDLYTLLSSANINVRSMHGDSELGVAQPNPDLARAMREELWELHAQKVATTTEKNFKLWNQKMDANWRQQRKDEPLVANLLRFWDVVTPYSPGLTVD
NP_800773.1,MSYKVLPLSEVMSHEFGLIEGNFHNISEADIASAIPSHLTFEQLKQHLYEGNLALVSDTPQTPALLSYNDPIGPKTWRLNSEVISELSDDAANNLLAITKTTRATGGYRSCIGETSTLERVYTPQPIATESEEEITKEFEYSFEVGCSDATIKKMVHSDFALAKTEKENAVTRWEQTNTEQGTRYTALCVFDEPKRLNIHIADDNLGLTPLEAVTLQKAGSCKTDEGFIPVVPAVRLGERLGLPTEGYYYHFNDGELVQEYKILGEEKWAFYATQSTQDKLNDERGFTKDQSAILVYWKLADQIIENQYIIYLERQITREELDNLSEDWLCENGIKLDIPALFDAVKQPEEARSEGNNDETQAEQTAATHTVTVGEDWQSIAELYGMGAKALLLLNPVFEADPLSLAVGDEIIVAEKQQQQAPDKKNTFPPLRPQTYNNIRNSHYQHSDPLLGLTKYRAINTADCIEGDVVILNLKDATSSIVFAKSCTRPEGCIEIGDQQESISNFGPWSFFFAQANANPAAVIPAIQATQAQMAMGSSAAVAGSPEQMQQTQTAAMQLDKLAGTLKEKIVEGYRWQVEGIGALFAMQQSLFGDNTQYTDQDLRQVTTAQSRVRVHITEPQGGEFYPHVQGYHVDDTRIPIKYVKQGNNGQLSVAIEENGPTIYWTPEENGEASWQTTPDHSDGFEKDDILVTPIHSDSDANVTVTPAPEEKDWRDAILVFPESSGIAPLYVVYKESPRDKPGVVTGKGEDIFGIWLADAGKDLGAPIPSQIADKLRGREFSSFDAFREGFWYAVGEDQTLINQFSRANQRLIKRGRSPFSLPSEQVGGRQRYELHHKEEIQYGGEVFHVDNLCVLTPKRHISIHKDQ
NP_797767.1,MWRIQMHLVCKFIPSSKLSSNELSYVLTPDECIGQLSRVRNSEDILRNLPKELAQKISISAKKSSSGLLTAIRHELGNGNWVALSSFSRRTPLTDTQLQSFPRLKAQLESVSSTGESKVYKAGYKQVKDDVTLVRSYTHVPSEPSPDQKIVVEFAGQWSSNAACLMLGKTEAQKEKVTVGKADTENKHRSLATFKDLEAEGKTLYIKIPCSDQPQPILLKLAEDLQPVDKETQMDEWDNVLVPVVPLHFPGSDKSDEAAEVFKSGYVYVVWNNKIWREVAITENGYFSDTDINSVREGSRPKRHADIYMTNPETGGVFAYEPFQIVQNGKVVSEGSLNGSGEARVFNLVEEEVEIVMTGYEPQIKEKIETNLSPINASSPVGRSAQGYPLPHIWLPYKIKGEPQEVYLAYNSKRLSESELSELESDPGTKAIKVTDLNHYSSEKSFKMGDGSVRLLSVLPSAATSKPEKYAMLRSQINKNVAVVYLLKSVEIVFEYPGYTTLDESDDYFELRQSDGDWSQRVCLRQCIKKENGSRLIRFTGWPAEVKEVDLLRGYQGNSHHGRDNKTVIFAQTPIADLLAYKKKDQPS
NP_797794.1,MRSLLLFNQQNSNGLVMGVTVGANGLSIVHKGSGGEANATLPDVCLTKVGKPIVPIPYGNNAKSADLAGGTTTISMDGGNSVAIKGSTFSKSTGDAGGDKKGVASGTIEAEAKFISASPTVKFEGKGVCRLSDQMTMNKANTMCLGGAQNPSVSVTEADDGTFTIDIDYRYPDGDPVYKADFKIIDSTGTEHVGTLSDKGKGTITGLPAGSISLFLGEDKRDIEPIQKPQPNKDYLELPGPLDLVEFAGRGLVEYWDAVEMPSDYSQWAWGAIMGDFNQDRSAGQIAFDSAVTAIPFIDQIGDGRDISANLYAFYNADDIREDKEKYTDLVITLVGFIPTAGSLIKGLFKELKILGKAADLDMIAAFLRAGAKGDVVKWMQSLDMSVIKNDIYGQLDDITKQVKTLMDTLEQESRKRGYTVVADAYKRCVEQLDDFFKKADGPISKVLSDFDDRLKMILPEAPLVTSGTSFSISAGTAQGGGKAEVIKTRNKTKKKTDTCPLCNKKIGKGKKECEGAKVGSISKAVMDDGSSQKLWKEFEIRNGWRDKTEHPWWHGAGAVQAHHLIPKNAFKLKNAKSKQTKEKMMFLRRIAQTCAYNIDFWKNGIGLPNKKETACFLRKPRHAGGHDRNEFNYTNECVKLVHDKLSSDIKKRTKEGSCSKTTNSSLIMKFNESSKNIFDNIADFIWFITRDGKNYDPKVEPYVGCSSNCKKIHPIININTKRQIENYDLEIGK
EAS77247.1,MKVYDMPIEFPKPKRLTSAGYAPVQEDTPLAPPTPTPALEPEPVAGFECRIKIYAPKSDLSSLKLGVFSLSKSDNEESIKRWHSEEALDSAKYTVLTGECHVEESKKLTHEFHQNFGISTSFDVTPRSVGSGYFNAEFIPLLPSLESESKLGWSLHGFYYYFYEGKLLYELDILGDGKWGWHITQSSSDGISNTLASNQIFNSLLVPVKIEGKEPGKQHILYSRAKLTNEQLGEVSMAWLDENATLIDTALLVSSLQQHLLPRETPSDINDTAAKEIQTHKVNMKDNGQHESWSDIAGYYDLSPKELLKLNSSFEQDPMALRAGDVLIVEKSDVVDEAQETKESPSPLTEIKVGESYVLGNTWGKYNQPLLSPSMKHIFELQGVSQTTPVLNVKKVEEKVLRIGVFFDGTGQNHLNDLYKETRGVKSRTNVARLFEIYPLDDDTNKIYIAGVGTVDGAWQTPALIDEGKDEVDLAQAFGVSPNNLEKTWTFIDRAYNLVADDTGAFYKWQNWTKQFYGIITDLIRQQKYQAITHIEFDVFGFSRGAALARHFVNAVKDGLPDYNKPRDGESFGEVFPNLLTHQNDISSQLKHGYYPDETRTCSVRFVGLFDTVGSFYLAGNNDEGNFELGLDTSCAERVFQISAHHEYRKNFPLTSLLPSDSILPSNFYEEVFAGCHTDIGGGYPSKEQYAKQGLPERYGMPLSATYNRELIKTESIREDIQAQQNVYGAAAYSERLHKQAQDAWNLECRTKGIYGVVTLVNGILYYYELQPISNALSALPLERMKQQAEVAGVNWDDEKLAYQQDFSQLTGNDVALKTLNEKLLAQPLGSIAPTHWQGEISQYGKEWIHRPHDALINAGCETAMDNLVNAVTKEGNQLKRVVFDNEV
NP_356972.1,MSIPRDNYIGEPQYPDTWTTKTPREGLRDIDEARIVSLAPDVCLTPVGSSVVPIPYPVVDFCGHDKNYTPSVRFTGKKAMVMRSCTTHVHGDAPGVRKGVKSGTVESVCEPIGHADQVRAEGSHVIRHLDRFHMNSKNTEGEAIFVRSTQTYNSPKDDDPVRGSLRAIEVADASEEQNRSSDAAPSGGAALGFLVTPGFAPLVQGAGGAAAGGASTAAGAATSGAGGAAAAAGGVSLGTILAGIGIFAAGVLIPTNKMNFSDTVPQDDFEQKLLLDAQRRMNELPFWDSGADIRTETFAKIQEHRKKNKPTQDPEPTPVPVPPPGSNVRIDEDENRRCRLLIICFMPTKSTIDIDEFKRQMELQEQGLNNMSPQQMLANQAKYLANPAGMRALSEPLQAKARQEYRNDPRIQKKYVDQYGPIQGPIKLGEYLDSAAALHNPDMIAGGKYNSVVDQTLPIENRIGGLSENSSMGSQWINPNRNGHTRASRLTEHAKRQAANNCPSVQVDLRLCPSNPSRPGEPLTGT
NP_356305.1,MSATTTVAGAGGAIAGGWLGRVIGGLAGSLAGPGGTAVGAWIGGQVGAMAGRAAASAIASYMEDANVDADAKTKESEQAKPCVDCGEIDCFSPPEGATPKQVEEFRRQLKEQQDEINRMEPDDLVRNIDKYRQQGRPTDDAANRRQSREDYRTDRTRELEEKYLSKGRNDYKEQAANDVAEEMKKLAATHTLDLVAGGDGSISGLGDKSINSSLGSQWKGRRSEQLRSHAKKAAEQKKKMNAKLEECKPEGGNDNSPDAETPDNGTGKGDGNPDVPVS
YP_001195592.1,MSRIRLVRGTITKTTGGDHNIYSEGNIVYNSGQAVTETSDTGIKYGDPKDIPQRKNDDFDITFELDKKTKSVVPLGILDFKNNAENPYFCFKFGLKKTSIDSLNFQIIGENDEIIYQMTYLQTIIVKASELPKIFSNIPKSTQEPILSKIWDFQKIYNEFASSPGDYTKEGEYVIHWDGFDNNDVYDSTKFNNKKLKARITATKGDKQKSLTIDFSTNYTQVQWTDVKIDRSKKRIDITLRVDLRDGGTKGLNCYTYNLPEESSYETFTPTTGTDPLKGYKTTICDWDKIPASELNPAQPVLKTRTKSFEELKKLAFEGLERYWGRNKNNIVGNNVNIIDSYEVFIKPIDTTKNALNSLPLVYNTNGGWMRSGNPGASYDDGNLDDDLLNALPDLGVIQRLSYNAGYIKHDWKNDAHNGWRYHIEKDSNTYYDEVSNFKETAAHELGHEFLQAYAGTAFSWQHKGSSYYLPQDTKPIKGDETFWGKMTHMDEMPETSGEYYPKNGEIDLMKYYNTTDKAGKFVAGADLKRTIAAEKDVLGLIWLTKLKIQ
YP_001195609.1,MSDFKIIGNPDPVVGKEEFYSVNTFLPSILPFQNSASSNSFEQPVKWEIYILENGRWRKTKENDKTGKRISYTFLQKSLERKGIRILARRGEDVARLNVTTHPAEKPKIESIELLDKNGQKPGKPLSYGQTLKARVHCLHMEKHKVSVTLWEDDAIGAGHNKANENNLIQTLSGVVANGKADVDFLLRPSFAKIAKQNGPEEGKIHEYYVTVDFNKDKIASNNVNVNDLEAPVAPFKGKVPVQQQAPAKPKASLPQPTQPKTKAPATGSSSAPKVKAEITRVHITNSAKQPIKGTHKEKEIIVWVDSQGLIGKEIRFKLYDEDYLSNDLLVDQKFKITGDIFPITVQLDRILRSKGGISGEGAEQELFADVEVIQTSIHSKSEVVDVDAKVFKPDPVDSTNKVAKIGEGDKSSIKGKGECYCGKDFEEKDVKKLVKLLKGSEIIWEGAYLGKKHIDCNISDKTFVTLTKSLNSAFKKYSIYSCIQKIHFLAQVCEETGTFALSEETEGQHDSSKSIYKGRGILQLTGVKKKGEKLYNGEGPYKDYADYIGDPDIVKKPEVVANNVNYCIDSGAWIWSVNKRMPSDRNSEAVKRWARETAGKSLNELAVFGDKYLELISVLLNGRNKDKGNMPNGWENRKSMYTKLKTVFFQYHLYHKDDSKPVLPQGIITYNIYSDGRIERNTPKQIESGFEKKYKYVYHDKKNKEHEICIVDFVTAQNWVVGSKEDGGKGWEKRTAGGKTRYYQKGNGQVELVKVNLPIYHSEGDVLIDVGDNTDREYLNPRAFASMLGALAECGYSDFNFNGSTSLDGTGAPSVTHVNGVSFDFRYLRKDKTGNNLYINTDPNSLDVERQEKFIDALIKFGYSQFYSFNIKIKNQNFILKNSTHLADHHHHLHIRREGYKPNFKETKE
YP_001195595.1,MAHFSEQVHITIGSFTQNVVYYDLKLSQKMADHHHFSFVWQYTGKAVINPADQAKALRSYLGDEVIFTFKSLTGIRLMSKGIITELSSIDVDGSPAGLHVSGVSHSIVIDDMKKSRTFKDRSMDDIVLGIFAEGPGEFYQRDSIKSTYLKEFKNLLQYNETSFEFLKRIAARYGQWFYFDGMRMQFGQTKSSQTKLINGASLHSFKIQANMASHKISLNGYDYKNVATFRESAPKTSSGSKDSFAAIVGYNQGTVANSDLNNGAYTANATNKDELDEMIKLQTAGSDANSVYYSGISYFPIGLGQVFTIVNQTVAHELIAIEVVHHSQVHGNYSCEFKAIPADVSAPHYTNVFVYGKAETQPAQVKDNNDPEGLGRVRVEFYGASGTAVTDWIRMVQPYSGSGKGFYFVPEIGEEVLIGFEGNNVQNPYVIGAQYNGQDSSGYADAQNNIKAIHTRSGHVIKFTEDESILIADKNGNEILLDTVGGNITITANNTIDLNAQNINLNASQNITANAGMNITESAGADKMSIVGMMLNTTVGGDHMLNVTGNFMENIEGNLESHTAKERQEVGVKGIDTSSEGGINKHSKKEMQINSAEKSKSY
YP_001195597.1,MSFLTSLTVAGKDYKVLNVSYDLAQETDASGRPSTVTRGGRIMIEVESTGSTELFEWMTNNFERKDGSVKFIKRDSNATLKELKFTEAYMVKYKENFDHNSENPLTETFMISARKISMGGGEFDNAWV
YP_003612075.1,MSDNNAARKGDEIIHSSIFADITSIVAEGAAYAVIGAAVGLAATAAAPLLGAGAAAAGVAAIGSSCLLSGIVGGVLANLAGVTDDISNIAEGLGDALFPPSPAGKITTGSSNVLTNSLPAARAAGTLTPADTPPPEPQSPGSFADYAGMLLSAAGQFGSEMWQPSVASAAAGTSPLEEDKVACEKHSGPQYLAEGSKSVFINGQPAVRAKDRTTCEGTVSDDVSPNVIIGGETLTVRDIKSGKTPGLALGMIALSLLRGRPGKILKNMPCALAAAGGGMLADMAVNAVFGSSHPVHAATGVKVLNDDDELDFSLPGRFPLRWQRSYNSLTTREGLFGLGWATTFDSYLTLEENNATWFDETGRELSFELPPVDHAFYSISEGIIIRRNESGDVAIADDDGAVWRLYKPTRVNPSVLRLASLSDEYGNALLTEWDEHGRLVGLHDEPRAIDVSLLYEDERFPQRVTAASHFDGSRSWPLMQWGYDARGQLASATDASGVVTREYRYNDHGLMVWHRLPGGLESEYRWKKFDHWRVVENRTSTGDGCRFTYDLDAGLTTVEHYDGQKRQHYWNAQNLIVRYVDERGENWCYTWDENELLTQRIDPLGNTVTFVYDEMGNRVQEIDPDGNARTTTWLEHRALPTAIIEADGSATRFWYDEHHGLNRVVDPMGQTTLLRRDEFGQVVEEVDAAGNSRHHEYNEAGQVVRATDCSGHTTRYQYHPLGWLMTETGADGEETRYRYDAAGRPVQLDRPEGWTESLKWNKRGLPVKHAGADGKESEFRYDEAGRLTATRNTQGEEVRRRWDSRGRLIALENENGEAYQFRWGPDSLLLEEVGLDGVASQYRYDACGRTIARTFAAGHPEAITHAFAWSASGQLVARTTPEGQTRYHYTPSGLLTRIGLHPALSADAWSTEAEQELSFEYDALGRVTREAGEHGELAWQYDALGNRTSVTLPDGRELKQFYYGSGHLLSIALDKLSVSDFTRDELHRETSRTQGLLTTRSEYDRLGRLHRRDVFTGNAQRPSPRRWSRRWDYDYRNNLVREERDDNPFSWYRWQYDSAGRLLVQDGTLPGQEQWRWDAAGNPLDGSAEKITHNRLTQLNGIRWRYDIHGRTVEKDNGQTRWHYRYDGEHRLTEVISQPRDRNRPQTQVSFRYDPLGRRISKTRQQMLGGQATGKPITTRFVWEGFRLLQELHGDVPLTYVYSDQDSYDPLARIDGVDAPEIFWFHCQPNGTPERMTDIEGQVRWEGVNSAWGKLLRESETQLSGYSQNLRMQGQYLDRETGLHYNLFRYYDPDCGRFTQQDPIGLAGGINLYQYGANSLTRIDPLGLKQEEVIRYMSKDEAIASAAERGGKGGLVPNNRGDKAIWVNHDSRPGFNPGNEKYRAVMTVNDSGVELLNQHSDISKVDYKETGLKDGVLSKRNEPGAKGIGKNILARFNDKITSFQIEKKDAKGNWKKCGKRIT
YP_003613625.1,MFEAARVGDDIGHSGALAGMIAGTIVGGLIAAAGGILAGAMFIAGLGASCLGVGVLLVGASLAVGYYTGELATAARDSIADAGASSMTKKGVITSGSPNVFINSKPAAIATDSAVKCSDDGSQQMAEGSKRVSINSQPASRIGDRTTCDAKVMTGSDNVFIGGDPQQTLPIQSEVPEWLYKVSDLTLLFAGLLGGWGGAAGKVGALSKLLGKIPGINKLARIACRAGTLMTGVAAAGIIARPVDIVSGQKFLSGDDELDFVLPSRLPVRWQRYWRSGNPGDSVLGRGWSLFWESRLEPYQDGLVWRAPSGDYVAFPNVPKGMRTYCESEKNWLEHHHDDSWSVYDVSGERWHYAALKDDAPSLLQRISEPCGNDILFEWNADNTLHALTDSAGQRVVCRYDRDRLASAWLDDEICLVSYAYDEQRQLVCVTGRGGSVRRRFRWQDGLMSAHEDANGLLSEYRWREIDGLPRVVGFRHSGGEQLTFEYDFENGIRRANRDDGAQANWLIDDDDNVARFTDYDGRQTTFVYRDGELSDVILPGGAMRCSTWDKYGRMTSETDPAGRCTEYYWYRLTDRITRTVYPDGTSSQAMYDLRGRLLSETDPAGNATAYHYPDEEENLPESITDALGGVVRLVWNIQGLLTQRTDCSGSVTRFSYDRFGQLIASEDAEGNITRREWNNAGLLSAVIHPDGSRESLVWNERGQLTGWRDPLESEVSWAYNALGLPVSLTDRIGRVRQWRYDPRGNLLRLDNGNGAEYRFTYDAVGRPLSETRPDETVRHMEWDARGFLCALEENGRPAADGGIARRVQQFSYDDSGLLIGRTQRHAEYRYVRDLSGQITRIRRTPTAEGVALGIESDEIAYRHDAAGRVLSESGINGAVGYEWDALSNLTGLTLPGEQKLAWLHYGSGHVSAIRFGQQLVTEFTRDRLHREIRRTQGAREQLRQYDSLGRRTLQRSELSTEVTLPEQAILERLYRYTARGELSGVSDTLRGEVDYGYDAEGRLLKHYEARQGHSRAQFSYDAADNLAANDDAVPVTDNRLQHWQALFMKYDHWGNLVSRRNGLYEQHYAYDAENRLVSARGTGPEGRFEARYHYDALGRRTRKIVTTAHGTTETRFLWQGYRLLQEQQQTGLCSTYIYDPNEAWSPLARVDHLRDQSSGEIYWFNTDLNGAPLEVTDERGAVRWSGQYGSFGEVRHQSEGFSRVVNRTAMAHQPLRYAGQYADGETGLHYNLFRYYDPQVGRFIVQDPIGLNGGWNLYQYAPNPLGWIDPWGLSAQGLVRYKPDPSLSAQPGARATAISRAWGEERELVAAGGGSRDWTAAEREIILSTKNNRQLSSVMSEMGYTGHHINSVKGNGVLGGKWQGDPRNIVFLQNANHPSGYDEHLHGLQGHRGSYDTPGKGRLIDRNLTRKNLKSCQ
YP_439060.1,MSSSHRHYADTALADVAALTDAASRADAAPLANARRFTFASTAYDAATFDVVDIDGRDAISQPYRFEITLVSRSVRIDFAKMLSCEATLAILPPFGEAGTTRYAGVLAEFEQKERFRDFTVYRAALVPRLWRLSLYKASDVYLNEQTIPDIVKRVLRAASFGKRNFRMRHRGVYRKRSFVCQYDESHLDFVSRWMEKEGLYYYFEHDGRREKLEIVDDRRDQPGPADDLALRYLPATCLDAGIESDRVQAFACRATPLPREVVLRDFNHRKAELSLEVREHVAHDGVGERVSSDEHFHTKDEGRRYAKLRAEALVCEGRRFAGESTAAGLRAGRFFALSGHYRKDFDGRYLVTAVTHRGSQAHLLFPDLDAPFGATPGEPVYRAEFEAIAANLQYRPPRTTPKPRAAGVVSAIVDGEGSGKRAELDEHGQYKVRFPFAHTAHPTNKASARIRMATPYAGDDRGMHLPLLKRTEVKIAFDGGDPDRPVIVGAVPNSSHRSVVTRSNPDAHRILTEHNQLYMKDGSGAATWLHAPNNHIGIGAVGPGDGLALLTSGNKFDFSLGNAYSFSGGLKCSVSMGGNTDIYVGVRNSLDVSANFLTTLQGNLRWMLPGSRSFEINDSASTLLQTLHKQSATGAIRLSAGQDASALLQKQLDKLKGTVRKFMIVSGLANAGAAATAAGLIKGGGALADLPWAGFGVSAAQFAGATGFSTALMATSRTLLSKIAKLQEALPLVADLSLDKQGIALAAKNLTHATRMSLTVDGVSWSTHAKGPGAAGAAMSVGKGRWGVEAAEHAHVHANDTLLFAVPADPTSKFDLKELIGLRRDLDECVKGIADLEADISENEVLSTDQNTFGVGALVPTPPSPANAVAAVAIKAKEAKLVELNAKRKLVATKIDNLQQKLAKHAKNLSAARMSASDAEVGFKGNRLVATAEGVTLAHAQGKAKLDVREAKIGVEAGKSSLELDESKLAAGCGGASLKLGSDGAIDVRATNVKLNGSASLKLDGQLIQLG
YP_439065.1,MPMPCYLTLEGQTQGSIEGSCDIQGHEGKILVQAVEHTIEIPKSPQTGLPTSKRLHGPMTLTKEIDKSSPKLSQALASGEQMKSVVLEFYRILKEGKEEHYYTVKLENAILTSIRSWTPNCLVLDNKQLGHMEDVSFTYEKITWTYVPDGIEAEDSWRAPKV
YP_003748701.1,MSAFRPGWYEVGFDAATRDRHCRYFKSPSAYTAECLVKSTGQQILLWSDPAGPDGVGQPAQWQPAYRPLAGATTDDWWNHPPGGANYRPELPPSGSRTQRKPTLKELCERAATADFAGKRSLSCSREIHVGLFFDGTNNNMVRDTPSQSHTNVVVLFNAHRDDRQDHFAFYVPGVGTKFPEIGEAEELDAGKTYAAGGEARIHWGMLQVFNAVHTALCGTDLLDQKEMKHMVTSTAGLSTWWRVGDEKMVRTFGDLQKRLLKAIDGKRPRVTKVHLSVFGFSRGAAQARTCCQWIRKATGMRVGEAALNMRFLGIFDTVASVGLADSSPVGQGFLDWADGTMDIGDFERVVHFVAAHEIRQSFPLSTARIGSKHYPPNTKEFVYPGAHSDVGGGYAPGAQGKATGGRSELLSQIPLLDMYVEARNAGVKLLGLNEMRPEVQADFVVAPTLDKAFSDYSAWTGRMEKQDVAVSNGPPIQNRMQYHTQLYWRWRAHISSDAAFKALSSYTHASTQDKTDLFESELDWRRDVSRAQEASKTRHVARGRGAYVAIPPPATELQKQIVAQVNAATQVTPGASAFFDKHVHDSHAGFWLLGPITATQRLAFITNVKAKKAKYDALLRRAQTPGNPHADQQRSAALAYELNGFERRVLASDASSAGSVPVMSDADAADLRANAGIATSAALWILGTEKRREPHGHGRYRRIFDHG
YP_005627674.1,MQLSRAQQAEMMSAGLGRPQDSCCIDLRWGFFFDGTNNNFHRDQPKKAHSNVARLYDIFEADRRKPEFVRRYAAGVGTPFKDEVGDQGLGIQEKAGLAAGWGGEARICWALLKFLDNLNYYFERIDLGEALGQSDPATVRRMAQDITIPSMELRKIAGDETEMLRQISMMASLQSLTATALNLPNHRGRRAVLAERRAQLRQRVQTWQRAQPKPKLRSIRVSVFGFSRGAAEARVFCSWLKDACDGGGGELTLCGIPVQLDLLGIFDTVASVGLANSSRLWSGHGGYASEDDLQIAPYVRRCVHLVAAHEVRGSFPLDAAAGVNGEEVVYPGVHSDVGGGYEPGEQGKAFIGDSIDDSAKLSQIALCHMYREAMAAGVPLNLSASRLSKETKAAFKVDKGLIDAFNGYVAATGSIKASTTVALTQAHYALYLRWRRLRLDDTAPDGMAQQPFVTRARTYKAQDVTDLLQTNAELRQEWAALQQDEKDAAYSSEASVAHVLRSTLAPIAARDDIVALVWGEKMTQWREVKPAWNDLSPLDRRIVRLHDDYSHDSRAWFKPFGAASEEAWKRQYRQRMNRLEAQDNAWQQWNRDVQPVIDDAVRKAQKHPGSFQPTPEVRPMPPLVAGQDLKDLKQWRSNGGVIPTEQDGRESYGMFGFLRWRTIFVPEKSALAHSIDAVDETLEQIKQLPGKAKQAVGDAVESAVDSAVEAGKDFVGDQVRKLIPSGLPRM
YP_001478026.1,MSEINTDLAWLPPAFPAQGRLPTQAALVGANCAQQDSHELAYRQALCLAAGRRVEPPCCKTLHVSLFFDGTGNNLNHDLYIADPKHPTNIARLFRATIGQGAAGGVSKGPELLDADGSGEDKYYKYYIPGVGTPFPEVNDLDFTMMGLAVATHGEDRINWGLLRLLDALKRTMTRKSLSDDESWKAVDKMATSMASFGLTGSANRFETFQRLLKDMSPDLQKALMPAEPGKPKLLGIKLYVYGFSRGAAAARAFVRWLSELLPKPEEGQDRPEQYLAVGGLKIPLSVEFLGLLDTVASVGVAHVAPVAEGHMGWADGTQELPAEKIYGGLIKKCVHLVSSHEQRLCFPLDSIRRPDGTYPANSQEVVYPGMHSDLGGGYPPGDQGKANDEFDRFLLSQLALHDLYASAFNSGAPLKVSPPSLPTDLQKDIWRQMSPELQLEFAVAPELINRFNAWRELTLGLTVPLQPLSPEQAAKYDPPRAPVSLEKAVENQLGWITAWRINRYAGGSYKTQRFYVDSAANGLDKDSDPLVRKQSEAARKALQKEVDDVRRDMKAQHNPEEGFLKLPPGPKDFDAALGQTQLRQAAEEFREDYHGLSRTSTGNWLFTVADSVNNAIFLLNNDDEYGEWLRIKTAGDDRVKVLFPISGDASSATQSAGLVRALFDDQIHDSRAWFMHNAFGSREPWGSYFLYRMIYFGSRSSKPMTPLMIAGAVVGVATLAAGVAVIIKQKSAKGKLAGLVGTAGAIYLETQAVDLLSGKPLPMLPNAAQLQAPTMEPGVVVAQQTQAVAEQRLALAKSLIESGWAERLKSTVTA
YP_005954437.1,MSEITENHAAWVPPPFPPQGRLPGRALQVGQNCHQQNSDERRYHQELCLAAGRRVEPPCCKTLHISLFFDGTGNNLNHDFFIANPKHPTNIARLFRATIGTGTAGGVPSDDQSKLFDDDGGGDGKYFKFYMPGVGTPFPEVNDPDYSTMGLVGAFKGEDRINWALLRIIDVLMFSATEKWLTTTESRRSLKEMSTSWNQLGFGGSHNRYEEFTRLLNDLASDLKPLIIQPEPGKPKLTGIKLYVYGFSRGAAAARTFVRWLSELLPPPAAEGEKPPQCLQTGGMQLPVSVEFLGLLDTVASVGVAHVVPVADGHMSWADGTMELPDDETYGGLIKKCVHLVSGHEQRLCFPLDSVRRANGKYPPCATEVVYPGMHSDIGGGYPPGDQGKANGENDSLLLSQVVLNDLYSASFQAGAPLKVPVDTLPVDLKKDAWRAMHPDLIKQFDTDIPLVNRFNAWRELTLGQTTPKTFDPEAASHYEPPAAGGSLETVIAEQMAWITAWRIDRYARGSMLKTPFYQRAKNTDALPAARKAAEEVRDEKQAAVLRARQNQIANQPPDRMDELVLQPGVKDFDPKMDQTQLFDAAKEFGKDYHDGYRIPDNLAQLVLDTVLQPVIFILNTDDEAQEYRRMKRDGEARVAVLFPEAGEASNAEQPAGLVRALFDDQVHDSRAWFMYAALGTREMWTGYFRYRMIYFSERCSKPLSPLVLAGDLVGFATVTAGVVLSFRQKRLTGKLAGLAATGAVRSLEVAVLDQITGEALPELPGGEQLRAFTHEPGTVVAQQKARKADEQLARGQAALPASWLEDVLTTTV
YP_004594328.1,MSDTAESTLNALKALIAAFQTGATPVAVKTSTAEAASLPPKFPGPDDEKEKTPADNSTQQKAEYNERGRLPASRTQTEGNYARQYLEGYVGESDHQSDKKTEPGCPASLHISLFFDGTCCTKEGADEIYGSRNPPLTNIGRLYHAANWKEQDETAENDGYFSYYFPGCGARFPEIGEEHYSLDGELFANGGEDRINQALLKTYSSISYAVNKTAIKDSELTRYRNSMATVWPFSRLTQKFDRKSALDKFCDDYLGCVVNQWPRQPTRLHIQRSQRRIAKIKLFVYGYCRGAATARAFARGLESLLDDAKMPLDATNMLPAGTVVPGGPTLQGIPISIEFMGLLDTVSAVGVPHILPSATGHLGWAANSLRLPTTKGFLKSCYHFVAGHEQHGDLPLDSIRGPDGKYPAGVVEVVYPGVHADVGGDCKPSELGKVQTDARSLLSKIVLHDMYAAAFDAGAPLSVPRDVLPGGAKNKTYRVMQGDVADQFKISAQAIALFNAWQQAGAKTETPAVNEAEVVAIAVAQGRDPVAALEAARKKADGDKAKAAATAAKSPENGPLGKLPDPVYVPLKAKALEVMLADQLSWITAWRTERFASPQYVDKYYQRKLFYQQALNESSGALPSATAPVESEVPREVPFIDKDRLDRAAWGYDFAHTGIVALLGQVLLDVIPTTQTDQLGGPLVAAQESEYIQIKKSGDARRAALMGSPTMLDFYDNYVHDTLAKYNHDPLHSSFSHGYFASRTIYDNDDDTWDSVKQFGQRVKAIIDINVGDILVQARTDMKIQLKIFIAANSI
NP_251980.1,MPNFGFHIAPTHPVAGRLTYDSKKLSENILKQQSDERVFSRAQEQKRLSEGDVVGGAPCCKAIHITLGFDGTNNNDKADGSSVSPSCSNVARLIHASIGSGDDINSRGIFKYYCPGVGTVFPDIKEFTPSNMGLIGAEGGENRINWGLVQLVDALFYTLLKSRLKLNDVQGLVEEMSTNWTVSTLTGGLLENGEKKRRAALEPKLKELEEKLRQRQNSGQKPHILAMRLYIYGFSRGAAEARAFANWLQELTRVSDADGRVEYRFAGLPISIEFLGLFDTVAAVGLADSAPFAAGHMDWADDTMRLPDEALSQCLPTILPEDCSFLKRCVHLVSCHEQRASFPLDSIRRRDMDANGRRTGPSCYRKWTVEYAYPGVHSDVGGGYGVGNQGKAVGGSEFLLSQIALQHMYAEAFEAGAPLQVPAPAVHPDFHEEWRVMVPKIEAEFSVSEELATRFNAWQAQAKAGPLEEVIRRETALITAWRIDRYAGGLRNKAFFANVPPDMPEAQQKAWEALHKRRSREYAAAQQGEPLPPMSAAEQAEWDRNVALIGGEDQLRDLRVEKQFDPPLDQRQLLGAAAEFAHDYKGDWGVLDDGMTVGGVIDLLLGGTVFLINEEDEAEEYSQIHRDGSARYHQLFSAPDRVAPGQEKLVALFDEQVHDSRAWFMNTSAIGPREPFTDYFRYRLVHFDNESNKRLSVLATAGRVVGVGVMLASVGLSVKRRDPRMLLGLFLPSLARPLLSGKVGLPEISAFDPLTGIALPMVGGAALDNLRAFTREPGDKVEQIGQLPPPPPLAVAAVQSPALQQVLLAQQTVEALKARDLGSLAGLVAKAELTQAPAAATPAWLAEAKQALQDMGTEQAQPPGPGSAPGWLKRGKDLMESL
NP_899682.1,MQDWSDSSFETQMQAAQKRQELHPLLAGCPTCEQKPWISVFFDGTGNNGEIDADKKKWSNIYRLFQGHADDQTRGIFPIYIPGPGTPLSVSNAGWLSKLRDSGALGGGFGLGMDARMDKAFKLFSRNLADCQRVSRIDIAIFGFSRGATLARAWINLLLKECIWEKGKPHWRMLNAKNGVSAEICIRYVGLFDTVESVGMVAKNWSPSQCMTLPNVVERCVHYVSAHELRGAFPLTTVADTAGAPPGEERVWPGMHSDVGGGYRPNEQGRFDTLSRLPLNAMRLDAYLAGVPFLSPAELKGNMVENKHVFDYFEYDAELKNLYDHYKSQISDASSDLDRTIISHMKLYYGWMKLRQDGDIDSLYGKVREERADLAKELENELSDQRKYLRKIPFENLSRKENVEWARLKISDFRKYREKLESARETYGKNFRPYELNSRQLTYWDAWEKSVVPDEKITKFFDFYVHDSRAGFTFNSGDYLEPREVLERKVCSVEPARRGKQIAASNIGVDHQ
AAL18491.1,MSKLSPLDCLDCKNMLKHWIEFQLVDEQGKPLVNMPYRLKIRGNPLLGRKGVTDGNGLLREEDMPPHPVTLYIGAQPLADEMEQRPLREIRGEGASVVKPKAEAEGYQYRYVTIGQISDGLPALDDWNDPKKIPPPYHFPDPEPKGYQVHPVNRRYVLEVCPFRAWILLLHHQKEYSIVNAYNQCLMSVLAYAGGDVDVEGSVLHFFNRQMVDVSKLPYKVEALSATPVVYDVPFSKRYTRVEFIDSQAGNNKQGDTKLFYAASKKDMIISWRGTVSLDNYLTDATFQPLALSCADEKALCSEFIHHGKVHKGFWEAFSLVGKLTVPSEETKVTTVFSDISDLVKNKLLFICGHSLGGALALLHSAQLKEHNPCLYSYGMPRTLTRSAVEELSSIIHYRHVNEDDVIPAVPFEQDMDNVFFNYWAPAGYDWAVMKLLSPSPIIQAIKQATASKEIYLHHGKVVHFFQANSCPEWLISARNASLITGVAERILDNTTKLYLIPELNQETEKDFSLAGERQNALFNQLSQQEKDKLFVENRSADLKGGFGFSNHSSYKYAGYIDKRLRELCEPDKITVYQDSQRQFKAKMDSYKMLIPDNVYYRNLYFLDMDKQLIKSLTVSQQEEQGELALQHYCDKQELSV
YP_003467415.1,MSNANSIYCHDCSGMLKNKIEIQLVDEHNKPITNMPYTLKNHKMAREGITDGNGMIHEEHLTSSPLRLFLDGQKLADEMEQRPLRLKRYHEYTRSTESMAKISAVFAESQKSGRQYRYAKIGELVDKIPVIEGWKEEDPLPSYHFPDSEPMGIEVMPTAFERYRYVIEVCPFRAWSLVLHHQKDYSLVNAYNLSLMSILTYSNDNSGHWGSVTHFFNKQLLDLSRSPYQVNDERFMPVVYDVPFSERYTKVVYIDSKVQGNTGHTQLFYAANKQEIIVGWRGTEMTETQDLMTDGTFQPIELGSTANGVSSGFSEKGKVHKGFWDAFHLITEIKVSEGNDKKTVFEEIIKLTESKKLFVCGHSLGGALALLHSAQLKSYNPCLYTYGMPRLFTQSAVQELTEIIHYRHVNENDFVPSVPFNKDMDNVAFQAGRKFLGYAIEVFDAAGSLEAKIIKSNNSDNDPFLHHGKLVYFYALPDSESKFYLLPELNEETIKTTQKFIKKQKNVDRYIMQDIHSFFQGNENPTGKRGTGLFDHSSTLYAEYIDKRLRELCSLSPDKKLQRKPEDLSFLESQPNSIRAIFQRAKTEEYFFLREIDNQLAITLEVTQKDERGPRALKRYFEKR
YP_002151060.1,MTFRYDKYNDPYCPDCAKHNAWIEILLVDELNNPISDMPYTLTVSGGEKRTGKTDRNGIVRETDLPPTGGRFSINAQMLADEMEKRPLRVRRNGSSKIRYDATQRNDNYRYLTIGDLCDATPKILKWDQPELPKYHFKKQQPNGYMVIFRNERWVFEVCPFRAWSFLLHHQKDYSITNACNLSILSVLSYASFKANNDKEPNAGNYLGSIEDVFFNQLFDLSQIPQQFAKESFTPIIYDVPFSERYTDVEFIDSAKNLDTQMFYIANNKEVIVVWRGTAGKTDIFTDIKFKPVKLRQDMGIEGYVHSGFYNSFRTMDGKYKLRPKIGSKNDDENPLNLIKGLASNRKLFIAGHSLGGALALLHAIKLREYNPVLYTIGMPRVLTLSITEQLGDIIHHRHVNEDDPVPALPFEKDMNNIAFISDHDWLGYSIEIAITYIDWKHQGMASKAIDQLKTNFNIKSDTFIHHGDAVHFYKPTSKTSMYKYVLASVGYAPSLLVNMEIDKKRYLVSDTDEKLYLVSELLPDHRLKQEFFELYKLPKTASPGVTGGGDHSSRKYTNFIISKIISLVKYNGLTESAYDIRAELVNQKRLSQAKYDESSYLLDLDLMVADTLLPTLLMPEGITALKRFKYANDNN
YP_001349297.1,MRALSPLLSTGEAFCYLNLYQLALMSTLSYSPFGQEPDTQPVETDSVSFPAQPSVGNWFGDALARSDELWQVDATQAGGKAYYPLYEEVAYSRRLEVVPFDPELYPEVNSPELGADQEHPARLHYLDDAKKRGGTDTQAYVTHNDELMLLVVRGTASMADVLRDVDAAQTPFEETSGKVHNGFYESAKVAIKFFATYLDKFYSGQKLVITGHSLGGAVALLVAEMLRQQPEKYDIVLYTYGSPRVGDKTFVENARPLVHHRMVNQNDPVPSVPAAWMKTSWRMSGAGVLLMLFNPAIGGAVVLLSPVNIVGEPYTHHGKLRHFMPVSFADGHKSAILWTPGCESITERGGAAVCAKALAARNGLPERGGLLRQMLDNADHKMVASYIPHCWASLRRAQEALEEGRTVVTPTEYERVGEALQDFKAQLREKEAAAYGSAREQQIMGPLRAEIGRLQQTAVRLKALSVERVSETKVYGRVADRPEALAVSLERWLAHSFNRSHEQLAMAPPDADSNERAIAALVGGHVPGAVFDLDIDASG
NP_793265.1,MTVQSIKTWEKPFFNNRIHACPMSGHSVSFQLVDEFGDGKPYAGLAYEVIDYEGVLYSGKLDANGSGKVDNHYCGPVVLKTCEEYVGEDDFYTALSGRGSYPLPITELQVRAEKTRFSNKSGVRTRSNPAQSEADAFCQVEVSELVKHACHLPPIVDRNFPPNEYVRNLMQTPPEDVGAGESGFGPKPARVYGIGLLPNKHHVLEVRPLRALRPALSTDSEFCALNLYQLALMATLSYSDFGQKPDLFKVKSDSDEAYVVEADTVSFPLQPSVGNWFGNTLSKFEELWQVDAAQAGGKNYYPLYEEVAYSKRLEIVPFDPDLYPEVNRPSLGDDQEHPAKIHFFDDTTSKNGTDTQAFITHHDEIVLLSVRGTASTSDAFRDLDAAQVPFEEGVGKVHNGFYGSAKAVINFVTSYLDRFHVGQKVIVTGHSLGGAVAFLVAEMLRRRKGYDYDIVLYTYGAPRAVDETFATAATALIHHRTVNHTDPVPSVPTTWMNTSKPVYITGAIVTFVNVPIGLALFGGGIANLTGEPYTHHGKLRHFMPVSFADGHKSSIIWEPGCDTITEHAACTVALQQKSGLPKRGGTLRQIIDNANHKMVVSYIPACWAVLRRYQESQEFKRSLVTEREFRWVDDALESISLQLQAKERQFTMQALESQVEAQKQALRDERSKIQETRDRLGTLRFTKATETQVYGLAAAVPEALAVNLERWRLHAINTTLEQLAMAPPDADSHDRAVASITGGHIIGAPSHFDVDSFA
YP_345882.1,MTSFEKDLQSPLGSRMLTCPAGGKWTSFQLIDEFCSGEPYAGLAYIVTDSEGHKYTGRLDEAGKGKVNNHFAGPVTLLFDQAYEGKEKLYSYLQGRPHYPLKITELQVRAEATHYLNPNATRTRERPEIADGGDYFQVEVRHLVRHASHLPPEVYRDYPLDSGCAAIMREHGKLGVALMPQRHTILEVRPLRALRPILSTAPAFCALNLYQLALMATLSYCPFGQKPKVPCAETRSVKFLLQPSVGNWFGDALPKGEELWKVDSAQTKAYYPLYEDVPYSARLEIIPFDPNLYAVNRHTPERDPEHPASVHFLDDIGSKDSTDTQAFITHNDELILIAVRGTAEIVADGLRDADALQVPFAEGEGQVHRGFYEAAKKAAAFAVNYLEKFYTGQTLLICGHSLGGAITLLLAEMLRRRPEGYKIQLYTYGAPRAGDADFVKGAADLVHHRMVNHNDPVPSVPGSWMNTKADIYGTGAALTFVNVPLGLSVFVAGITNWTGEAYDHHGRLRHAMPVEFGRQQVSSILWEPGCDTITQHAACDVAIRQRHGLPDRPTLLKQIFDAGHHSMTGAYIPACWAVLRRWQEAQESNRTLVTEREFALVESALQRITDQLRRQRSNLPGRPDSYVRSRKNIVEALNHEIENIRTTRERLASLRHRRLTTTDVYGSLAEQPERLAESLPRWRLHPENLATEQLAMAPEAAEDDPLLVTLYGHRIGAPHTFDIDSII
YP_610877.1,MGHNQFLKEVNHPLNNIMLVCPVRGVSTSFQLVDEQGHGAPYAGAFFEVVDMDGTTYKGALDTEGRGEVLNHCRGPVSLRFASEYAGGDDGYMKLQTRDFYPLKITDIQVRAEQTHFQNRDGRRTQSNPAAVSADEFYQVEVSELVCHICHLPPRSLSDFPSDLGIRRIMGKHCEWGVGLMFGKHTVLEVRPLRALRPVLSMDQEFCALNLYQLALMATLSYTPFGQEPPGHPVKAKSVNFPYVPTVGNWFGDALAKGQEIWRVDTKQQTEYFPFYEDVPYSQRWEIVPFDPELYEENDPALGEDQKNPARIHFLDDREYSDTTDTQAFMTHNADVMIIAIRGTSEKIPDLLRDVDALQVPFEEGHGKVHRGFYLAAKRALQFVEVYMDKFYQSQQLIICGHSLGGAVALLLAQMLRTGGYSGPLQLYTYGAPRVGDSTFLASAADLRHHRIVNNDDMVPNLPLPWMNTRYEVIATGAVLASINFPLGAMVMRTGLVNQDGEPYGHHGELQHFMPIQLSNQESSAILWRPGCTTITAQPACNYYLEKVDGLPQHRSVSLADHFMVSSYIPACWAMLRRHQQALANRTPAVTVRELEAVDTALASISQQLRERRSRLSRGDYYPRSREPSLTAIEKELERLQATRERLASLRRAPVSEADVYGSLAGQPQLAEALDRWQAHAASTQAAPLAMAPKEQDINVVTFDELFASLDDPLDLI
YP_001186316.1,MSDSPHTDMTETLTCPLRGHWVSVRLVDEHGNGKIYAGLNYVLYDSQGQKYQGSLDEDGFSRIDGIYCGPTVLSFADEYLGQDSWYVGLIRREKFALPLVALQVAAEQSPCGPRKPDGKTYLAEERALSENARFLRVEVRDLVEATAHLPDRDTAWWPRPSAVLKRNAGLAAERTGVALTPNLHHVLEVKALRAYSPILSRDKAFCALNAYHLAVMSTFVYAPFGEPKREDADYTSSPPPYPRAGSIGHVLREQLASLNKANAFNSARYHLLYEEVAYSKRLEIMPYDPERYQAEAAGEWSNPEDVHFLYDTGTDTDTDTDTQAFITHSDKVVLISVRGTQETPDILRDMDARQVPYEEGIGQAHRGFYRAFKAAKVFTQRYMDAFYTGEQTVIVCGHSLGGAIALLLAEWLRRLPTAPDVVLYTYGAPRAGDRAFVQGAQALVHHRLVNHNDPVPAVPFTWMDAEWKLATAGTVTLFSSPVLGIVLLLGGLLNLKGDPYEHHGEQRHFVPRKANGGSEASILWQPNCALIDEQACARYAGAIDLQGDMPKRMSFIEQAFSAAEHSSDGGYSRAMLTTLLRWNASVEERDGALFNAGEIRDIHNLIEQAEAQLASWRPRSFMEFRRAVRAHHDTRFYNKSDLELRRMYVEGITLARSLSRQQKEALARAKQRLLNESERRLTVRDVFGDQTEREDLSELVAQWRAIGENQKAEKLAGIALSNPHYA
YP_934973.1,MNTSDFIAVREAVLQPDKGTATCVAQLPLPGVIILVHGVNSDGEWYEATEQGLCAGLNTRLGRRDEDLAIKGVAGGQMVPTTYAPEIDENGFLDRNRDSETFIRDTPFSPVIRFRWGYKANKDELAEYGSGIWLNEHNYWGGGPFANGCTSLGDLWGAGVDDRLFLWFTVQHLNPETGRQVYACPPRHYYAFAALRLAELVRSIRQKQADVPITIVCHSQGNMVGLAAAFYGARIGTVTDSEGKSAPAIADNYVLANAPYSLVEKGMGTDDWAQRYSVNSKGQWGRQTRNAREQTLANFFALIRSRIGSDQPKDEVQRVCGNGEAYDVATDRSLRCRNGRVTVYCNPHDRVISSLTVQGIGWRGMNAEDFETTQAHGVLFQRVWAQGNPVGASADGEYRYWDGESAFWHPPPRKARYSLKQGVEAGASIIGKVMTVVSTPLIWLIVLAVRAFDKSPRVNAMPDPEWRVPVNAPVLPEPHLPQGSRLGQPTAFDQDGDPDHDRLRPRLNDGGSEPDDPYQAYRRDATEVTEAAPQADADTEGRLKYEHRARLRMNDRRRGGDGEGANQAPGETTKRWDAWARKEIKSFLDQSLDQHATDHSTIMTCAANMEKVLAYDVAVGLSRLTDKDWRDLRVAADWQLWEGLDRSDAHRYFGEYFDTGRLGHGGGKRLPLHEHPDFNTTLHSAAIPPGVVDERRHAAESREARNGKPT
NP_794788.1,MNGADEYAVAQGNTRLIPNLNTTCKMEVPADLPGVVIFLHGVNDPGASYESVETGLCQGVNERLDRPDLVPGRYGGKYKEAGNVPYEKRDSDQKVILDDPDTYLYRRDASDPKTHSLLIPFYWGHRAAPDQIKRDDAGDPFRMRNQFQDINGNRLDRHFAKAGGFIANATNNIPDVYGEGFRPNLKSIALETFKPDNALYFGHSPARHYCVLAAHRLAMLIREIRRVSPDETITIMGHSQGTIVTLLAQALLVDGGDRCADTFIMVDTPYCVLPGNTPKDQDTFSTLVGIVTAITNMPHTQPAMSELRDAKTYCGRSGSRWLPTQGIRKNKVGSMTVFPERDNRGKVYLYFCPDDTTVSLDDVQGIGTYGMPDALPDGRMAMMVLPQLRFYQRMWTKRHRYGEAILIGNTPQPELMRATGEARYPGSSFGAGMIARAPILEGQERLINAEALSPPHEPEMFGGEASRGTPTTSGLDRPDDVAKGVALGKDEATFMWVRMPSEYDSPNMSQQEAQNAFNALSDDPENHTRALRKIKSTTNSSSHHEREETPREARERMEKNRDAWSENSYHSGILRSPENHRWVTAMDIAIGQAKCLDDPAMRDVLIAIADWKIDKKVFEYIEKLPDWVRLSHKAQALVKASNDYYVKGKFPPSSLVPLTPPPLVGPALNAGTVA
YP_001915284.1,MTECSYVVAQANALLLPNRMGERLVEVPADRPGIVIFIHGVNDPGAGYPTVEKGLCQGLNERLSRIDLRAGQYGVKYAEAKKSPLKPGEQGYKEVASVKYDPDTYLYQRSEDTTSKLPTHSMFIPFYWGYRASDNEIAKDKRGNPTRLRSQYQDTAGNRLDANFAKAGGFFVNATSNLPDMYGKGFETTLKTRGVQMVSPDFTYFGNAPPRRYFVLAAERLAMLVSEIRRLAPDDTITIMGHSQGTMITLLAQAMLADRRQRCADCLILVDSPYSLLEPKGEEQTTQAKLQTLIKIVKAVTAQPYTRPALNELQVGQPGYGGRTGHGWTPSQGTRLDAEGKQIVFAERDNRGKVYLYFCPQDTTVALDQVQGIGTYGVPDTVHVAWKRKFYSTERTASLPAMDALKDMRFHQRMWTKLLRGGKPVAVGLPPQHIPLRMEDEARYPGGGVGPTTTASQTPLPQEGRYINGEALQPPHAPQMEDGEADARQYKSSTPLRGTPTRAGKDAPDDVSVDVALGNPKASLNQYRVFERFVDKNLSDPDLQELTQQFNANHPDLNDQTPGYDCENGDDMGYMLWRHATPNEVRAQMAHNPAALVDNSYHSAMLRSTENHRWVTAMDVAIGQAQTLDDPEWRKVLIAFANWRTPFKPSESQLPGQLTLLELANFEKLSPGAQMLAQQTAYYYTTGKFPDGVSKEPPDKYVISRTRAQRAESNE
NP_248951.1,MNDRVRSRTIVSAQSITLPKGGDVHLVPPPPKPCVTIVVHGVNDLAGCYERIERGLCQGLNERLDMPPTLPGGQANPGYLTPAGYSLPADDEGKAENPDVVYYRRKFASGAGGAAVRSVVVPFYWGFREEEQYINKTAAHGEWLDRNGNRLDKSGTKEGGQFVNATTNLPDMWGQGFNGKLFGFISLDWFGGTMTHPLFSAAGRKYMVLAAMRLAMLIKIIRKRYPDDTINVVGHSQGTLLTLLAHAFLKDDGVAPADGVIMLNSPYGLFEPLNEKLQGWSSQQTREARLATLKGILEFICGRRHPVPALSSVALRNCQGYGAIGGPGWVGGQGCQTTIDGERLSFDERDNRGSVYLYFTPQDQTVGLANVQGIGWRGIAEQVKGLPGRTGLPQGFHQRIFTVRKRNGEKEKIGGHAPPHVYPLLLAGEKTWEDTGLGGKDRFGRANFDQGDSVLLTAPRLPLPTEARFDFDGAVTAPGENSASGVYQVRDTLDPIDAAIGVSNGGWKEKDSGHAVAQQVDAALAYRYGRDARSVERALNEGKELAQQTHVFSARELGTGMVLVTRAETPYEARLRLQTAEGHLEPLSFHSAIPNNPEHNRRVLAYDLAIGAGDSVDDVVFYQYLCRVADWRLDWKASDKGIFSQGDASVDLPDEEVRALYRAEESKNSQLIDATVAYRKSGEFPVVVGNRLPSLVGTQTILDRYHEQAVRFGGTI
YP_006577256.1,MADEKKSPYCPRVVSENDIPVPKSLSLTAQTCRVGIPRPMPGIVILVHGVNDVGEAYQNQERGIIAGLNKRLNRSDMYAHEWHDFIMMHNEEAQKKIKAPGRSPVIPFYWGYKPVTHDEYRADQQRYRNEVSKLKAEAHLPFDAYQEDDAKKKAELGNDGQGAFKYQNDNFGNALDVNYAKGGGTFANATTNIPDMLGPGAGGVALAAAGFMTLHANGGDFTHPIFPNPHRIYQFFAAQRLADLILTIRREPVTENDVINIVAHSQGTLITMLANMLVKQAGYEPVNCVILNHSPYSLESRLAEDIQPGHHQTSDARVQTFKNFCALMATHYKGGEITEADILAMEAACALRKPSDNPLRKDERYRRDNNGRVYNYFCPNDGTVSLKNIQGFGWRGIPEDIASHIPNLYQRVFYQHGEVGAKPDGKTFSLPSARTGDADYSSIGNASYTAHDVIVNGEELPVKFTFMLQGAGNHKDDDPKTSDKPYTAYIDPDSPDAYISYSAKAYAIKRTQSATYVVSRYQSLSWRPGHVLTPDELKMESYERGVEVIKGVVTGTKDFPTVTLTWLRPREALEKEWAKSDPVSYSQHSSIVMSEYAPSHAMAFDLAIGQCRSFDFKAGKFWEELLHRADWRDPLNKNQQAVEYYRSGILPDETTKWFMNRPDDILPTGNFGVVNEFNNAITVKPSKDLAAGNQEIANLQWDMPKTKSDRELGLQNQVSALDLRPYGAGQGSL
NP_755270.1,MSTNKSEPTRKVDVHLTDNGTPFAYSMTSHKNVKVRAEVQPPLQLPGLIIFVHGVNSEGEWYDYAERSLCAGLNQRLGLEGEHGLKENNYEGGFFVNSDKSEGGWEHTYEIEGSQKKWVSGPRKITKGGDGRSPVIRFYWGYRAADNETDTYAIPLKNKKGDNYYDLPPESRKAKGPWFWGGGPFQNGCNQLVSLWSKTGFNNNPSLLGVPLPFSTQVLNGERDRLLSDAPPRHYYAHAAGRLAKLIKTIRNQHPEDTVTVLSHSQGTMIALAAAAIEAPDALFVMNSPYALENEPTTYISYPIKEIISRKARSATFADIVKKVAENKTRLKQQGCDNLLAGMSSDGNSWIPEGKTHNGLPERDNHGTTWIYCNPHDRVMGSSPLRSIGWQGLPDTKDGTPHTLFKQAGDTLYVRILGRNTPCGGTPTAQTHFSNLGDGKPFWDSTTTLLQRATWPDPDSGQTLTINAPQVPEPLTAEELKNFDQDYARDEKQSGGAGYAYGQINPETKKPVDTDYRYYISLYGYFDRKMVPKKDSGYYQSGPGSKEDRVKYEKQSQEEMLEEVRTYVQRPTDHSTLPSDERFMSRVVAYDLPIGYCWHSWDKAGLEELRRQADWLESDDYYFSGKLTVPPIPPAIKQDVAEDAEQRKAEEKARLRNV
YP_003743314.1,MPEQYKHDQPTRLLNGETRPNGILQARSTMSPQNVSVRAEVRKGIQLPGLVIFVHGVNSEGEWYPPAEESICKGLNIRLGIEGTDFQLSENEYNKDRTFPVTFTKKGRSPVIRFYWGYRAQKGTEEDFIIPLRTSKGDSYTDLTTEQKKNTDDPFFWGGGPFQNGCTSLYSLWSKYGFNKWLKKIPIPFSTQLINEETDRLLTNAPARDYYSHAAERLANLVRKIRELSPKDTVTVISHSQGTMIAAAAAAMEGAAPDALFLMNSPLCLESKGIDYLSYPLTECISDVARRATFADIVARVAENKNRLKQADPNKLICGLDGAGENWHPEGKTSNPDVPERDNHGRTYIYCSPHDRVMGSSPLLSIGWQGLPNTKNSNYTEPHPVFAMVPKDSLFVRMLARNMACGEAPNPQTPFGTLPDMTRDWKPKGGKSFWDSNDSLFSRQAWPTPDPNQKLYINAEKVPLPITAEEMADFDKDRKHIEELPAHKAAHSIYLGDKNYDSYGYSWSTINPETREPNDNTYKYYIKLYGYNERKTFNVPQADKNGPPFVNSRNVDRESVEQMRHRISQYISRPADHSDLPQNPLFIQQVMAYDLPIGFCRIGQNEEWMQMLRNMADWTHSGSDSYYKTGTFTPPPMPSILRKDTDTDAQQRYDAALKKAEADNFALVRAQKSQGELA
YP_003748324.1,MKPPKFKHFAPKVDALKEVPLRYESNPLTLELGRPIDGPENDGKPVSRLRNPLPCLVIFVHGVNSEGEWYNDAERHLCAGGNDRLGRWGTGAELQSSVPDNDPRYTYSPDSPLKRTRPHFDGVQNAANSNYLFAQSPVIRFYWGFKARKGDYGRPSEHDYRDAHHPELRDYPVALDEDDAWGGGPFQNGTSGLWHMFRKDKGFTLNFQRFNPITDRYLTECPPRTYYVHAARRLAHLIATVRSNSPHETINIVSHSQGTMVSTLATLMLKEQGVRGPEALFVCNSPFSLNEPGGLMECAQFGNDYVVTQAARFATLKAVADVLKEAGEHADATTDDELEKMCLCTPARQPLLNSEQYGKLYVYANPHDRVMGASVLRSIGWRALTQAEQGRVGASNLRVRMFAENIEAGKGGYHYAACPKSFAITKDDDGKEIHMERTEFWIPKSEKIGGVYGIYSPPDKTEEAIHINAPTVPWFRDEALRRHMEQAKNMAGDTAWKNLAGWDGRLKDFHQYRDELHPDISGGDARDVAAYGQVYGPNYEVVRMEVDVYGKHYPVYKTVDEAQKDLIHTAHNLTNHSTLPSNEFVMRGVMAWDLAMGLNQSYTDVAYWDYLKALADWKCSDPYFLENDEGHQPEPGEPPPGVGRTLAYPQREPSVASAEPVVTGYACPQTGWWQSNEAGAIASERHQFIREGQIMPKVAIAGQPSLWQRVKGERPTWSTATVWTLASNESATAGSDAGEMVS
NP_250201.1,MSSEPLEPNQDVIIPRSRDSLGRPVYKAQLTRTDNQSEKVALIRQTAPLPVIFIPGIMGTNLRNKADKSEVWRPPNGLWPMDDLFASIGALWTWAWRGPKARQELLKAEQVEVDDQGTIDVGQSGLSEEAARLRGWGKVMRSAYNPVMGLMERRLDNIVSRRELQAWWNDEALSPPGDQGEEQGKVGPIDEEELLRASRYQFDVWCAGYNWLQSNRQSALDVRDYIENTVLPFYQKECGLDPEQMRRMKVILVTHSMGGLVARALTQLHGYERVLGVVHGVQPATGSSTIYHHMRCGYEGIAQVVLGRNAGEVTAIVANSAGALELAPSAEYREGRPWLFLCDAQGQVLKDIDGKPRAYPQNQDPYEEIYKNTTWYGLVPEQNSQYLDMSDKKEGLRVGPRDNFEDLIDSIANFHGELSAAGYHSETYAHYGADDSRHSWRDLIWKGDPTPLETPGATLNDDENGTYNSWFRRGLPTIVQGPLETGNPLDASGSGGDETVPTDSGQAPALAGVKASFRHGSKGKGQANTKRGYEHQESYNDARAQWAALYGVIKITQLADWHPNDKGGT
YP_840525.1,MSDNTNQSGGNSDFSDDTEQVVRQVGRTDKDGASVGHFTLTPASDTRQKELLCDVRPIIPVIFLPGVMGSPLVNKDTGEDIFFPPNTDGMLGKAGALPALLGMWFRGASTRETLYDPTVAQVTPFGPIRAGKLQKDDKEDQYVDEAEARRRGWGSVYRSSYQPMLAWLEEQLNEPKYMGKHKGAWIETDPDGTEWTLKPVLGTEPADYGATDAGAQKRGQAITEECAEFEHFAKYRYRVYAIGYNWLQSNEKSAKDVIEGLDVEDKKTGKKMRLMGIKEIIAENHSGKAIILTHSMGGLVARMAIAMHGAAGLMHGVFHNVLPATGAPIAAKRFRTGGGSEGGINGFINGALLGSDADEFVAVAANAPGPLELLPMPDYHNGDPWWIFARLDGTPVMKLPQQGDVYNEVYINQKWYGLVPEQSTSLLDPAGIVQKRLDNQPVKMSLSENFAKTMLFVVRNQEKIKDTYHDKTYVAYGDGALTPKASTASSEGNAKPKMEKSEKLDDLLAWGTVIWKGNIPPDVTEEELRAARFLGEKHDDSHTGTLRVHLDSRNVTIEFEVQKVAKLPPGSDAPDPQKNGIVPGDGTVPVWSAEAPAHSAEGGAARGIQMVFDQGGYVHQDSYKHPWARWALLYSIVQIAKDAPAC
YP_003739804.1,MAEEKTAGAGDGQPSTCILPEWEHNGLVKWKGIQNQKKSLDAQVVLLQPPIRVIPVIFLPGVMGTNLMSDGSSKREQPIWRGDSEVGVYFKWAGQDGNRRRKLLSPDTTKVDNRGDINQNIYSPFSDDGNLFPTRRERGWGGVLSFSYGKFLSVFQGALLDDWQRDMVNYAARVGGKGGILSQLVGARLSEDKATKIADESVMTQQELDHFRNFLFPLHVYGYNWLQDNKTSAEGLVDYIEEVIDLYTHQHCHGMAFPAGQEKVIIVTHSMGGLVARYASQISGAQDKILGIVHGVIPDIGSPAAYRRMKVGAKQEGMAGAVLGNTAQELMPVLARAPAPLQLLPSAKYLGGAPWLTVEGGNEDGTDIKLPKRRDPFSEIYLNETLWCRLYEADIIDKDAAEIKRNWNAYSDLISKAVQRFIEKLDNKYHPNTYAFYGHKIGSDGTLSWNRITQVYLKKTGDNDLKLPNNYREVPLPPHGAQVYRLGSSNTPGDGTVPVESLNAIRQSRSIKSVLATNVDHQGAYNVNSLNDIPNKPALKFTLRAIVKMVQEVPVP
CBK84496.1,MDDNKNSPPNRSYHRPIWDDDGTFHYKVFSQPKDKNHISVCLKPPTKVIPVIFIPGVMGSNLKSGDKKVWQFSLSSLKKWPLAGPQKRKQLLDPTTTVVDDSGEILNDGADGKKFPSRHARGWGSAFYMNYGEALDRLQYLLSDDEILMDNYFRETQLQTARQRFIGVRIGNEPQEQVLSEEEVAHGHKFLFPLHVFGYNWLQSNADSAALLGEYIRKVLSAYHGRLAVNKVVLITHSMGGLVARHYSENMGGQDSILGIVHGVMPDLGSPAAYRRMKIGERGITGMIIGESAEKLMPVLAQSPGPLQLLPGMAYGQGWLKINSKETQLSLPVADPYEEIYLNKTAWWRLCEQDLLLDDTRVECNKYEKTISNIVKKFIEKLNGKYHPQTWLFYGASKSNPSDGFLTWEERIPLSVKEAQRSRENAANPFELSPLRSHQLISSASPGDGTVPITSVCTSSSRIQGVLATDVDHEGAYAVDPVDLSRSVYSDLSDALVFTVRSVVKIVQQVPAP
YP_542179.1,MTSTMHMDRADKNKVGTVEIEDLRVIPVIFLPGVMGSNLMDKKGKSIWRYDDSMSLMGWSLPTSGPKERKRLLHPDRVEVDNRGRIPAPPDAQEKLIQLGQQYPEDPSDKEAMDNYTQAVRDILDNIEPEAKLFGSRKDRGWGEVANASYGSFLDVLQTALYRDKPTKKGETLSATYQQLLDVPLGLEYGPDSLDEEYLEVIRLYQFPVHVVGYNWLGSNMLSAIRLQEQIKKIVGGYQKRGMKCHKVILVTHSMGGLVARYFSECLSGNTDVYGIVHGVLPSIGAAATYTRMKRGTENPESNPEGYVISHILGRNAAEMVAVFSQSPGPMELLPMNDYGEEWLNIVDRDGSTLTLPKNLPIKEGIAPEERTYAELYLNRENWWKLVDENLLNPFNTSLNQKQIDTDWNIYENLITESVNPFHKQIAGKYHINTYSFYGRAKLGDIPEAHLTQENVLWKGSLSMGKKSDISLEPKFIDGRLDLNEVGNIRTIKDEFSPEEQAWEINTDDGDTYVKIGQRFTLRDSCENGDGTVPLRAGQIVHKNILERLAVQVSHEAAYRNPVSQAFALRSIIKIAQEVKKDGKMSYSD
YP_005629797.1,MTTNENGAAASAPTGEDEWDAPQERVATRYVDAQGHTIYAWNLTSSKLTDPVKLYMPSHRIVPIVFVPGIMGSNLKALKDIYRSGQDGKASSRKKIATKGQRIWNVDSMTSPVRADNSISWPGQDAAARQLMLNMDAVEVDDRGSIELRSEESNVYLPDEGRTRSAQRRREEIRQARLDDKRRRGWGTVSWCSYGAFLNWLEEQLAGATYRNGKPSLAFLELFKHVGSSPTGAIHAPPPLTEEQIKKLVKFRFPVHAVGYNWLKSNLDSGQYLADKIAAIRKHYTDLGMDCQKVIVITHSMGGLVARAASQACSADKDILAVIHGVMPTDGAGAFYKRFVGGLTGEGAGVFGSLVGKVTALVLGASGRETTPVLGFGPGPMELAPNQLYNGGKPWLFIKDAHGKTLLSLPERGNPYEEIYRSNPWWQAVNPAWLNPAGLAIDALQRHRRLLDKAESYHKQLAQKFHQPTYAYWGNDAADHKAWGTVTWRAVVANVYDPKPGDVFFGDAMPTRAWSERPGLPIVGHPAQWRWSPGHDDLPANEGLPERYLLDGKGQTLRCTIQPAADAGDGTVPAGQSGAGVMRGSPAVACRTVGYDHQMSYNNDSVRAFVFDSVVRAIEPIVVKA
YP_003747859.1,MATQTFTTPLALSCTRSATITLPWFVQRTEYNPAQATFCPLVNGEEAFGAVYDAIAAAKHTIDIICWGFQPSMYFKRGLDARGTLPIGELLEAKGKQGVKVRLLVWSDSLNVAQFSENMTPGNNPASYLSDTRNSTQRELDQLWYWRANLNNATKGWAGKWLMPGGAMDEIAKAIRNHALRDKAMTNVEFATRDFTLRQRAEIAWRTRTQGKDTERSAFTKDANAAAMAAEPSHHQKMVLIDYETPAQAIGFVMGHNTLDAYWDRDDHGYTRMHPQMGRNDKHPRQDISSRVTGPILHYLNENFCQAWDDATGRSLEAARKGLADEYKCQLKLRRDFDTPVMAQLLRTQSQKDKRDIERMYLQAVNNTTKFVYIENQYFRFPPLAEKIKEAAKVQFGEGRDQGKHGALHLFVVTNANDDGIGMGTVNTYRMLEALGRADTMPGVATLEREDARQASLSQQRAQAMDQQNQANQVIEDANAFLKTEDTASTRQWRADAEQKLKQATAKRAELEAEIKREPQKTIQAMKIDGLNVHICTLVAPDSPPGKWDYVYVHAKLMIVDDVFMTLGSANVNTRSMQVDSELNICHEHSGVTQPLRKKLWGIHSRPSPSERPKVSAKNRVYAMAVGDDIAEAFDAWGQIIVQNVQNQNKNLAPCASLVGFMRTSEKRSYLD
NP_900904.1,MSQPLAKHKPRQHNVDPSQHQTTRTSTPWFLADDHPVGYKPEFHEVNATFEPLINGERAFGAIYDAILAAKHSVDIVCWGFQPSMYFKRGAGAPPIQYYLQQPQLPPLTADNIDKIADDMAGKLPFTRRKLHPKDKIMPIGELLEMKSLEGVKVRILTWNDPISQIPEVMNPGYNVKRGDNENFLQECYDIGWHQDIRANKNIQFRTRHFDDIDKNAYILPNLVRNGASTMHAAATSKFPSHHQKTVLIDYEHPESALGFVMGHNMLDAYWDRDDHHYVQQEPHLGRNGATARHDISSRLTGPVLVHVNHNFVAGWDKATGENLTGKRAHLELKHFTPRPNLGSRAMAQIARTQSQTRPKGKVKDELTVQDIKHLYLNAVNHACQYIYIENQYFRWVNFAEATKQAVKNQLAFGRDPGQHGPVYLMVVTNDNAEGMGLGVKNTYKMLDALGKRSQMPTLARSSINEQVKQAEREVQIGENQNAKRTSKPLSDLPERRKKLAALKQEQAEANQGKFVDGDIPGLKTHVCSLVSMTGYQQGQPWQYVYIHAKLMMIDDTFMTLGSANINLRSMVCDSEINVCHCQPDITRAARQHLWNMHTVGQGNTADASKPQPLADVYDRWERIMKANQKNRQSKRAPIAPLVKFSNDTSSTKDLD
YP_003006804.1,MSQNKQQISTTEGKLCATVNFNWFLKDAEKFENGTQSEPVPATFKALVNGKEAFEELHDRIANAQHSIDIAIWGFQPSMHFKRDGKSPCIGDLLIQKALEGKKVRILVWSLPGSIQTFAEANLGNKPGVWLNKVEGVTSEQVDYDRWWYEAIQGELDEVIVNAKTDGIVHVWEAHEIEKHEKLVEFTKSPKRTNLIYKNRKVAPQNEDFKPRILPDGRKVNHSFEDTELPDGKGTLTDGSYDFALKKFKSHHQKTVLIDYEDPDLAVGFVLEHNMVDNYWDDSNHSLKTTLPNKGKNSPTPLQDVSSIVTGQVLWDINHNFCQSWDRQNNKQWGKDPVDIGITGKRQSFTRDHYQPNPSLVDDSKLVMAQIVRTYDQPNIEDIMKVYLKNIKQTTSYIYTENQYFRFPPLVREFISHWETIKNNGRTEGPIHWFTVTNSSDEGIGAGTYTTNEMFKLLGKQDVMPGVARNIKLNELETQLGMAKRSEVRLYNESMKAPTAEGKAVAAAEFEKNQQEIQRIEKEIGEIKAKQHEEQKTQEAGKAGPTKKEGELNQIESSELGQEEPNLTKELGYEISDTPGIKAHICTLMPKDENGKYVHTYKKNGKDTPAEVYVHSKVTIMDDVFTVISSANLNTRSMQVDTELGIIMECADVAEGLRKRLWDLHTNKNSAANPDDMHDYEVAEGAFKEWQRLINENKKNMGDKSPKCALREFYRADPTVSRSD
YP_002007700.1,MGAPDKQVYQIVGGDQKAAKTATSAPGCFVHGKDVFSEPVKGNAVQFFVTGTEYFDNVARAIEGAQSSVFITGWQVNFDVVLTGKKTLWNCLRTAVRNGASVYVMPWMSPKVGVDTGDLETALTVIQLNAGLPSPRAFVLPAVSQCDQPGALGIAFSHHQKLVVIDNKFAYVGGIDLAYGRRDDGKYSLKAEGRQGSEFYNSCVPAIHSLSSVEQTAYLTRAELVAACFDNKAGRAAQFFLSAPMKPLAGAMDAYSSASDKIKDVNKQISDWWVTSDVVPEFVRKAQDKVIDAAQETAADASKWAYQQLGTTLQTKVEKLREYGGAQVADATTALMAWLNGATLDSLPPSLLQNTADTIQAFVMRLVLALQAEGSQRKQCYANLEKLGKLLPAGGKCPDSSVQPRMPWHDVHCRIEGPSVYDLSRNFVRRWNGVALQYERSDGKTVDALLRHLGIAARLKAPRIGAAHRPVRSKAQPGSCWVQVLRSAPKKMRVAEAAGEADKTTPSVAESSCLSAMLKNIEGASHFIYIEGQFFQSDYGSTMIGNEEADGGAPVSGPMHALMDVKGSPGYQKYAAQLGILGVPPGQIYKSLKWSQIDDVQRDIRGGGADFVNDLKRVMATQAQIAGFSALGPSQKSLKNPICKALGDRITRAIYDGKPFHVYMVLPVHPEGTLDTINIMTQQHLTMQSLVFGSHSLVNRIRRALLAMKYVRERKMEVKRARDAAESAKIEDLNRNIRQGEWQKYLTLLNLRNWDVLHGRPVTEQIYVHSKLLIADDRVVVLGSANINDRSQLGDRDSELAVVIHDDKAMSVRLDGQLVQPVGTFAHGLRKALWKKHFGLMGGVAPATELGLPSILDGPGDLDTWQAVQRVAQTNAEAYDKAFPYVPRSKSRSSVWPTWDDSNGKLRGYMPFNERFWREERPRDDSFTWDAKQILSESTPSGVRGFIVALPVMWTLGENNDSKMNLTTLAHVESEDEVNRERQTASRSPSQSGQADAYS
A1TI59,MPYLYQNAAALEGTDKVGSKHCVALLQHYAHLPHTSNWKPGETVFGNANIKKGTAIATFNSAGKYGSLPTGNHAAFFISQDPGGIWIMDQWLSDTQKPKVSMRYVRPKPQRKNGDFADPSNNAAAYSVIE
A1TMA4,MPYVSLNYKNNSAAPVGKWTCAPTSNLQPFGEVPPTNKTGGPNFCGQCVSYVKKVCPSLPGTTQWRKGAQVKDNQSIAPGTAIATFNASGHYEGHAAIYVSQDAAGIKVYDQYVTPPSPKAVGPRVLRWGAHGNSNNGNNFYVIE
A1TPV9,MEGKPSVGTKQCVALVKFYAKAPASSLWREGAPVKGNMLLREGTAIATFVNGRYPNHASGNHAALYVGQDAGGIYVIDQWSKVNKIQARKLPFLGKNKHGGWADPSNNGDAFSVVE
A1TWF0,MPVDAAAVAKLQQACDKAAALYPNSCSHSVWYVIQQYLPNQPWMNANALMDHVQGQRHWRSVPASQVGALARGGALIVGGKKESGHGHVIVVYPGPDKAAGGYSYTRGGKTETLRTRGSYPPAMSTSLGGWPGARSKGDKTIWDPWASDAKFAQVTFWQLVQ
A7MQ14,MRPLYQQLKMNHYSSTDGSADFVDARDVYAEIGYDYDDIIKVNQAFKNTCAVRMSLALLKCNVPFDGRFIIKAGAYKGRKIESGAKLLADQLYKSSAFGKAEIYTDRRSGGQALRNRRGVVFFNVVNGYGGGHIDLLEPEGNNAFTCHSMCLPDCKEIWFWELK
A8AER8,MIIMGWDTRSAGNWAKHHAEPGPTNNCASYVRKAIKAGGVTVTNTQNAKDYGPMLESAGFRKISSTQSPRAGDVVVIQPYAGGHAAGHMAIYDGQDWYSDFKQRDFWGGPGYRSSKPAHQMYRKD
A8AGA8,MREVQAKKNVHISYQMQFVLEEQTCTTLITRKIWHQIYTLLVFARCPAHPGRVMSQ
A9BLK0,MPWNVDNAVATLQTNARASSAGYCARYVRDAIGAGGIALQRTRDAKDYGTSLVAAGFTRYDAMPEGGYKKGDVAVMEGFTSSPAGHMQMFDGSVWISDFKQNGFWAGPGYRTHKPAFKIYRHP
A9BLY3,MIKPNFHRLWQEFPDHVRFKTMKDLYTELGGAAEKNIYLPGFGPNGNTCASRLSVAFNKAGAPINAALAGTAGARTLGTKDGSRIIYGVADFRSYLLKSLGKPSTDAVSPYDDKFRGLKGIIAFSVNWSGATGHIALWNGVHYREPGYDNYSTYTNPDNPSIKTSLGEFWELT
B0VVE2,MKALITVGCKTDHGGIIVLGDSSFLVEGKAVHLDGMTHYCPKCKVQSRAIASNQGFMIVGGKSIVAVGDTSSCGSKYLKNSDLVVMSNGTDIKKSNMSKVSLFNDFIEKDKEKIINKLYWSYGENFTPLEEKSRFFDDLNLHIETTGYEEGENIEVDINPDSSDLDTFEKFSVSITVNNEGNGLFKNVFQGKTIIIDTEY
B1YTK4,MSHIYARAAELDGEPLQGDGECVALVKTHTKVGATSGWRPEKTVKGDSTIRPGTVIATFENERYPNRSYGNHAAFYLGQDSKGIYVVEQWRSLRKVKKRHIPFRGKDRNGRYIDPSNNADAFSVVR
B2SWU8,MSYWNINSAVDYLQWHAEPSSHQRCARYVREAIQRGGISLMVMYSARNYGSSLICTGFYEVSDANPQKGDVVVIQAIANHPDGHMAMYDGRIWISDFRQQYGFYPGPAYRSAGPPYQIYRHD
B2TCX2,MAGGQNIKTLCENHWTQWKADCSGFLKAVAADLDITLTGDANRIIDKIGRAPWTQLGSDADKAVAYAGLGYLVVAGLKATHHGHVVIIMLGQSKPYPLAYWGRYGGVGRKNTAINFSWTHADLANVQYYAIKP
B2VH84,MVIRPAFLQAWQRFSEINIDVSSVGKKIGGNVGANITLGEQDPAQGFTNACAIRMSYTLNYSGAKVERGVWKTVSGDDKNWYIYRVKDLLTYMHKKYGKPDKIVKNPKPGDFQNLKGILVFAVNGWSDASGHATLWNGSVCSDHCYFPISNEGSIWLLK
C6BHF2,MYKGISAANYAASNIEPNSVGRCAEYVRKAIEWGGISLQRTRSAKDYGPSLLAAGFHEAIGSPMKGDVIVIQPAPGHPHGHMAIYDGSHWISDFKQLHGFYPGPAYRSAKPAYKTYRYH
C9XXJ5,MSWNKDVAISHLRSRALGRSHNECATFTREAIAAGGIRLERTLNAKDYGPALLRAGFREVPPGSTLLGGDVAVIQPYPGGNPSGHMTMYDGTQWISDFRQSSMYPGPGYRAAQPAFKIYRMN
C9XYW6,MAYIAVTPRAYIGKSVGNGQCVAFAQRAANMPYTVAWRRGALVKGNKNIVPGTVIATFDGNNHYGNHTDGRSHAAIYLGQDANGIQILDQWIKHDGAGMSIPHPVSQRTIYFRHAPRAENNGDNYYVVE
C9XZ04,MNIMAYIASTPSAYVGQSVGNGQCVAYTQRAANMPRTVAWKRGELVKGNMTIAPGTAIATFDANGRYGNHTDGSSHVAIYLGQDASGIQVLDQWMTHRTLPNGQRVATPHAVSKRTIRFHKAPRAENNGDNYYVVE
D2ZDL2,MGWNKEAAVSYLRSHALGRSHSECAKFTRLAIQAGGVKVANTDYAKDYGAQLLRAGFSEVPPGSTTISGDVAVIQPYPGGNGIGHMTMYDGTKWISDFVQKSMYPGPGYRKMQPAFKIYRMN
D4E4R6,MGARPRFLAAWTAARNIYDPNDALVKVKNTIGGAVKRNFEIPASAGGWENSCAVRMSYVLNYTGHPVPRISQLTVSGADKKWYFFRVRDLVVYLTKTWGKPDLVVNYPQLPVSQLANKKGLILFEVSGWDNAGGHATFWNGSQCSDHCYFNQPGTNYSTPRANFWELP
D5WCZ6,MRHILANATTYSRKRFPNAKGHTECVEFIRQTLNAPNTAVWREGMKIVKVAPGQTDPVPPGTAIATFVGGRYPQHGSTGKHAAIYLGQDASGIQVMDQWNSQNQVRRRTIYWHPHSGGLSNDANAFSVIEW
D6J6Z7,MGRPSFNEAWSAFGKVNFPVADVGRIIGGNVGQNISGGYFENACPIRMSYVLNATGFSISRSSPYATVSGSDKKFYIYRVNDMIEHLTQIMGKPDLVINNPTPGDFTGKKGIIVVKGHGWSNARGHVTLWNGSVCSDQCHLLNDPDNGTFVPEVGILWVLP
D8NKY6,MPNYDGNRAANYAVSHAEPHSTGNCAKYVRKAVEWGGITLQRTHYAKDYGRSLEDAGFQEVLSGLPRKGDVVVVQPAPGHPAGHMAIYSGAAWVSDFMQNGGDQGFYPGPAYRSSQPSYTIYRHN
E8WJ67,MSCCQHKFSISLCIIVTPVVLWLPRVHNNDVAMRRFRSTPYDKCAIICELCQFLNLNLLPFRVDSQILDQIISRQVRLIRDVLPDHMPNCMAT
F5RYK9,MRPAFGAAWNRFREVNVNVETVGKLLGGKVQHNIEAGIFQNACPIRMSYVLNYCGVPIPSNSRYATVTGSDKKRYMYRVKDMIAFLPTVLGNADMTVTSPTPSQFAGKQGIIIFSGHGWSDATGHVTLWNGNICSDDCHFLGSPGNGSFIPGSATLWSLK
G2S527,MSWNKDGAISYAKSHAQPKSTSQCAHYVTEAIRSGGRLRIPNTHLAKDMGLTLVNAGFRLVYDQPHAGDVAVIQNIAGHDSGHVCIYDGQHWISDFIQRTMYPGQAYRDIHPHYELFRHD
G4QDA2,MHKHLGGTAALNLGKEFINTCATRISVALNGAGHTIDSYYLKKIGFQYFSDKNKNPIIYRLDVLVKYLTYKWGKPEISKKNTIEDFGRNKGIMYFNIAFKDASGHITLFNGSGTNFGKFPDMVHDDYFGHKALNYVSLWILKD
Q13LX5,MSYVADMIEASSLKGQLVGNGQCVTFVHAVVSTPPSSAWHRGENVRTATLISPGTVIATFDPNGRYGNHTDGRSHAAIYLGRNAVGIQVLDQWNGHTAQPAHERTIRFRNGYGVKANDGDQFYVVE
Q13YG4,MSDENYDVDAAVRYLNAHAHADSTSRCAAYVRQALAAGGIVIPQGPAVNYAKNYGPVLREHGFAEVSASELIAPRKGDTAVIQPYPGGNVAGHITMYNGQRWVSDFRQNDMWGGPGYRQHKPAYKVYRWQGAQ
Q4ZP52,MARPFFTAAWAASQHIYDPVAPEKRVAEVIGGFVAKNINNPDPSTKWRNTCAVRLSYILNYSGLKIPKVSKQTVSGADQHQYFFRVSNLKSFLETHWGKPEVVKYPPSDGGALARKKGIILFEISGWTDAKGHATLFDGNLCYDHCYFNEPDVNYRTDTANFWSLTS
Q8Z4Z6,MSWDKRVAVNYAKTHAGSHSQGRCAEFTRKAIQAGGITLGHTYHAKDYGPMLRSAGFTAIGTYEMPREGDVIIIQPYAGGNPSGHMAIYDGAEWYSDFKQRDMWAGPGYRAARPSYTIYRKN
Q8Z969,MPYVYANAKALQDTEKVGNHHQCVELIQHYIRVGQASTWQQGAAVFGNKNIEVGTVIATFVNGRYPNHNSGNHAAFFLGQDTGGIWVMDQWKDDIAKPRVSKRYIRKLHNGSVRSDGTYIRMSNNAEAYFIVE
Q912Q1,MSKESGKWWESDDKFAKAVYQQFVEFYEKVTGTDLELIQILKDHYNISLDNPLENPSSLFDLVARIKNNLKNSPDLYSHHFQSHGQLSDHPHALSSSSSHAEPRGENAVLSSEDLHKPGQVSVQLPGTNYVGPGNELQAGPPQSAVDSAARIHDFRYSQLAKLGINPYT
Q93IS4,MNRPSFNEAWLAFRKVNHSVADVGSIIGGNVGKNITGGYFQNACPIRMSYVLNATGFPIARNSPYAKVSGADNKFYIYRVNDMIDYLTHTMGKPDLIVNNPKQSDFIGKKGIIVVKGHGWSNARGHVTLWNGSICSDQCHLLNDPDNGPFVPEVGTLWILP
E0SAL0,MANSTGLQFTVKVGALPDTTFAVVDFELSEALNQPFALSLNLASSLPGIDFGAVLDQPCELLVWYEGELQRRVSGIVSRFAQGDTGFRRTRYQAEVRPALWRLGLRTNARIFQTQKPDAIIGTLLEEAGITDFAFALRHEHAVREYCVQYRESDLAFINRLAAEEGLFYFHEFEAGKHRVVFADDAGALTKGPELFFNLATQGLSEGAYVRRFRYAEAVSTAEVALKDYSFKTPAYGLLHNKMSSELDHQRETYQHFDYPGRFKQDPSGKAFTGYRLDALRAGAMTGEGESNAAELMPGSSFTLTEHPNPAFNLAWQVVAVTHSGQQPQALEEESGGEPTTLSNSFEVVKGTTTWRAAMPYKPMVDGPQIATVVGPAGEEIYCDEFGRIKLQFPWDRYGASDDQSSCWVRVSQGWAGGQYGLIAIPRIGHEVVVSFLEGDPDQPIVTGRTFHATNPSPYPLPASKTRTSLRTSTHKGAGFNELRFEDQAGQEEVFIHAQKDMNTVVLNNRSTSVNASHTENVGGDQTVVVQHNQTVSVKENQVTEIQGEQTVAVTQNRNTTVNDNESLQVKNNIAIQSQSGDILIATAGGFIAIDKDGNISITGKGLVLNGTRIDLN
